0;1;5;0,359963269;4,8638;;;;;;;;;GN;;louvain
0;2;2;0,027580811;1,6676;1;0,509833912;;1;1,540505152;;1,924035761;;0,166034222;;0,037145853
0;3;1;0;1,4631;;0,526877892;;;1,397885084;;1,482782793;;0,182752848;;0,031289101
0;4;2;0,05964497;1,4347;;;;;;;;;0,179558039;;0,020777941
0;5;3;0,526877892;1,6072;2;0,442723547;;2;1,462997158;;;;0,206315994;;0,024158239
0;6;3;0,526877892;1,5027;;0,660027162;;;1,358424902;;;;0,250187159;;0,035053968
0;7;3;0,526877892;1,4530;;;;;;;;;0,176329851;;0,024065018
0;8;3;0,526877892;1,4521;3;0,606481481;;3;1,462933884;;0,683364839;;0,170458317;;0,023842096
0;9;3;0,526877892;1,4486;;0,606481481;;;1,389757872;;;;0,176462889;;0,054826021
0;10;3;0,526877892;1,4602;;;;;;;;;0,17753005;;0,038449049
0;11;3;0,526877892;1,4529;4;0,508427364;;4;1,889069471;;;;0,164489031;;0,046417952
0;12;3;0,526877892;1,4246;;0,542355372;;;1,418104887;;;;;;
0;13;3;0,526877892;1,4697;;;;;;;;;;;
0;14;3;0,526877892;1,4391;5;0,453290583;;5;2,175101135;;;;;;
0;15;3;0,526877892;1,4727;;0,513417151;;;1,512080908;;;;;;
0;16;3;0,526877892;1,4504;;;;;;;;;;;
0;17;3;0,526877892;1,5319;6;0,643905857;;6;2,108676455;;;;;;
0;18;3;0,526877892;1,3979;;0,683364839;;;1,556554079;;;;;;
0;19;3;0,526877892;1,4851;;;;;;;;;;;
0;20;3;0,526877892;1,5727;7;0,680541103;;7;1,908189955;;;;;;
0;21;3;0,526877892;1,5404;;0,680541103;;;1,472813129;;;;;;
0;22;3;0,526877892;1,4958;;;;;;;;;;;
0;23;3;0,526877892;1,5179;8;0,517777778;;8;2,306729388;;;;;;
0;24;3;0,526877892;1,7081;;0,517777778;;;1,537739038;;;;;;
0;25;3;0,526877892;1,6029;;;;;;;;;;;
0;26;3;0,526877892;1,5281;9;0,430147883;;9;2,187778161;;;;;;
0;27;3;0,526877892;1,5195;;0,4453125;;;1,633054018;;;;;;
0;28;3;0,526877892;1,4527;;;;;;;;;;;
0;29;3;0,526877892;1,4444;10;0,481822301;;10;2,198376854;;;;;;
0;30;3;0,526877892;1,6067;;0,531040043;;;1,551414013;;;;;;
0;31;3;0,526877892;1,4041;;;;;;;;;;;
0;32;3;0,526877892;1,4514;;;;;;;;;;;
0;33;3;0,526877892;1,4729;;;;;;;;;;;
0;34;3;0,526877892;1,5978;;;;;;;;;;;
0;35;3;0,526877892;1,4436;;;;;;;;;;;
0;36;3;0,526877892;1,5544;;;;;;;;;;;
0;37;3;0,526877892;1,4224;;;;;;;;;;;
0;38;3;0,526877892;1,4962;;;;;;;;;;;
0;39;3;0,526877892;1,5336;;;;;;;;;;;
0;40;3;0,526877892;1,5576;;;;;;;;;;;
0;41;3;0,526877892;1,4840;;;;;;;;;;;
0;42;3;0,526877892;1,5396;;;;;;;;;;;
0;43;3;0,526877892;1,4737;;;;;;;;;;;
0;44;3;0,526877892;1,3998;;;;;;;;;;;
0;45;3;0,526877892;1,4384;;;;;;;;;;;
0;46;3;0,526877892;1,4992;;;;;;;;;;;
0;47;3;0,526877892;1,5299;;;;;;;;;;;
0;48;3;0,526877892;1,6069;;;;;;;;;;;
0;49;3;0,526877892;1,4801;;;;;;;;;;;
0;50;3;0,526877892;1,4458;;;;;;;;;;;
0;51;3;0,526877892;1,5464;;;;;;;;;;;
0;52;3;0,526877892;1,4469;;;;;;;;;;;
0;53;3;0,526877892;1,4557;;;;;;;;;;;
0;54;3;0,526877892;1,5368;;;;;;;;;;;
0;55;3;0,526877892;1,4314;;;;;;;;;;;
0;56;3;0,526877892;1,7306;;;;;;;;;;;
0;57;3;0,526877892;1,4172;;;;;;;;;;;
0;58;3;0,526877892;1,5255;;;;;;;;;;;
0;59;3;0,526877892;1,5503;;;;;;;;;;;
0;60;3;0,526877892;1,5794;;;;;;;;;;;
0;61;3;0,526877892;1,4554;;;;;;;;;;;
0;62;3;0,526877892;1,5444;;;;;;;;;;;
0;63;3;0,526877892;1,9070;;;;;;;;;;;
0;64;3;0,526877892;2,0879;;;;;;;;;;;
0;65;3;0,526877892;1,4542;;;;;;;;;;;
0;66;3;0,526877892;1,4370;;;;;;;;;;;
0;67;3;0,526877892;1,5090;;;;;;;;;;;
0;68;3;0,526877892;1,4426;;;;;;;;;;;
0;69;3;0,526877892;1,7809;;;;;;;;;;;
0;70;3;0,526877892;1,5085;;;;;;;;;;;
0;71;3;0,526877892;1,5748;;;;;;;;;;;
0;72;3;0,526877892;1,5941;;;;;;;;;;;
0;73;3;0,526877892;1,6109;;;;;;;;;;;
0;74;3;0,526877892;1,4774;;;;;;;;;;;
0;75;3;0,526877892;1,4406;;;;;;;;;;;
0;76;3;0,526877892;1,5309;;;;;;;;;;;
0;77;3;0,526877892;1,5735;;;;;;;;;;;
0;78;3;0,526877892;1,4622;;;;;;;;;;;
0;79;3;0,526877892;1,4354;;;;;;;;;;;
0;80;3;0,526877892;1,4273;;;;;;;;;;;
0;81;3;0,526877892;1,4704;;;;;;;;;;;
0;82;3;0,526877892;1,4729;;;;;;;;;;;
0;83;3;0,526877892;1,4383;;;;;;;;;;;
0;84;3;0,526877892;1,4670;;;;;;;;;;;
0;85;3;0,526877892;1,4063;;;;;;;;;;;
0;86;3;0,526877892;1,5462;;;;;;;;;;;
0;87;3;0,526877892;1,4116;;;;;;;;;;;
0;88;3;0,526877892;1,4418;;;;;;;;;;;
0;89;3;0,526877892;1,4313;;;;;;;;;;;
0;90;3;0,526877892;1,5364;;;;;;;;;;;
0;91;3;0,526877892;1,4266;;;;;;;;;;;
0;92;3;0,526877892;1,5112;;;;;;;;;;;
0;93;3;0,524005487;1,4208;;;;;;;;;;;
0;94;3;0,520991736;1,5192;;;;;;;;;;;
0;95;3;0,520991736;1,5258;;;;;;;;;;;
0;96;3;0,520991736;1,4204;;;;;;;;;;;
0;97;3;0,520991736;1,4168;;;;;;;;;;;
0;98;3;0,520991736;1,5283;;;;;;;;;;;
0;99;3;0,520991736;1,4381;;;;;;;;;;;
0;100;3;0,520991736;1,4491;;;;;;;;;;;
0;1;3;0,349159971;4,2609;;;;;;;;;;;
0;2;3;0,342105263;1,5726;;;;;;;;;;;
0;3;3;0,342105263;1,4920;;;;;;;;;;;
0;4;3;0,33530572;1,5173;;;;;;;;;;;
0;5;3;0,32875;1,4897;;;;;;;;;;;
0;6;3;0,32875;1,8451;;;;;;;;;;;
0;7;3;0,316326531;1,5627;;;;;;;;;;;
0;8;4;0,08353151;1,3998;;;;;;;;;;;
0;9;3;0,514977187;1,3942;;;;;;;;;;;
0;10;3;0,514977187;1,4550;;;;;;;;;;;
0;11;3;0,514977187;1,4382;;;;;;;;;;;
0;12;3;0,514977187;1,3935;;;;;;;;;;;
0;13;3;0,514977187;1,3951;;;;;;;;;;;
0;14;3;0,514977187;1,5343;;;;;;;;;;;
0;15;3;0,514977187;1,4608;;;;;;;;;;;
0;16;3;0,514977187;1,4064;;;;;;;;;;;
0;17;3;0,514977187;1,4505;;;;;;;;;;;
0;18;3;0,512731481;1,3985;;;;;;;;;;;
0;19;3;0,512731481;1,4646;;;;;;;;;;;
0;20;3;0,512731481;1,3989;;;;;;;;;;;
0;21;3;0,512731481;1,4551;;;;;;;;;;;
0;22;3;0,512731481;1,4059;;;;;;;;;;;
0;23;3;0,512731481;1,4644;;;;;;;;;;;
0;24;3;0,512731481;1,3916;;;;;;;;;;;
0;25;3;0,512731481;1,3896;;;;;;;;;;;
0;26;3;0,510414712;1,3986;;;;;;;;;;;
0;27;3;0,510414712;1,4069;;;;;;;;;;;
0;28;3;0,508035062;1,4758;;;;;;;;;;;
0;29;3;0,508035062;1,3636;;;;;;;;;;;
0;30;3;0,508035062;1,3852;;;;;;;;;;;
0;31;3;0,508035062;1,3741;;;;;;;;;;;
0;32;3;0,508035062;1,3917;;;;;;;;;;;
0;33;3;0,508035062;1,3862;;;;;;;;;;;
0;34;3;0,508035062;1,3836;;;;;;;;;;;
0;35;3;0,508035062;1,4615;;;;;;;;;;;
0;36;3;0,508035062;1,3734;;;;;;;;;;;
0;37;3;0,508035062;1,3787;;;;;;;;;;;
0;38;3;0,508035062;1,4551;;;;;;;;;;;
0;39;3;0,508035062;1,5229;;;;;;;;;;;
0;40;3;0,508035062;1,4230;;;;;;;;;;;
0;41;3;0,508035062;1,4015;;;;;;;;;;;
0;42;3;0,508035062;1,4031;;;;;;;;;;;
0;43;3;0,508035062;1,3793;;;;;;;;;;;
0;44;3;0,508035062;1,3648;;;;;;;;;;;
0;45;3;0,508035062;1,4688;;;;;;;;;;;
0;46;3;0,508035062;1,4058;;;;;;;;;;;
0;47;3;0,508035062;1,4494;;;;;;;;;;;
0;48;3;0,508035062;1,6006;;;;;;;;;;;
0;49;3;0,508035062;1,4391;;;;;;;;;;;
0;50;3;0,508035062;1,5232;;;;;;;;;;;
0;51;3;0,508035062;1,4037;;;;;;;;;;;
0;52;3;0,508035062;1,4017;;;;;;;;;;;
0;53;3;0,508035062;1,5329;;;;;;;;;;;
0;54;3;0,508035062;1,4405;;;;;;;;;;;
0;55;3;0,508035062;1,3981;;;;;;;;;;;
0;56;2;0,051246537;1,5237;;;;;;;;;;;
0;57;6;0,660027162;1,4841;;;;;;;;;;;
0;58;2;0;1,3952;;;;;;;;;;;
0;59;1;0;1,5407;;;;;;;;;;;
0;60;2;0;1,3880;;;;;;;;;;;
0;61;1;0;1,3954;;;;;;;;;;;
0;62;2;0,057093426;1,4030;;;;;;;;;;;
0;63;3;0,457102172;1,4503;;;;;;;;;;;
0;64;3;0,457102172;1,4960;;;;;;;;;;;
0;65;3;0,457102172;1,4812;;;;;;;;;;;
0;66;3;0,457102172;1,4797;;;;;;;;;;;
0;67;3;0,457102172;1,4819;;;;;;;;;;;
0;68;3;0,457102172;1,4416;;;;;;;;;;;
0;69;3;0,457102172;1,3924;;;;;;;;;;;
0;70;3;0,457102172;1,3997;;;;;;;;;;;
0;71;3;0,457102172;1,4445;;;;;;;;;;;
0;72;3;0,457102172;1,3782;;;;;;;;;;;
0;73;3;0,451989026;1,3803;;;;;;;;;;;
0;74;3;0,451989026;1,4443;;;;;;;;;;;
0;75;3;0,446942149;1,3846;;;;;;;;;;;
0;76;3;0,446942149;1,4096;;;;;;;;;;;
0;77;3;0,446942149;1,4443;;;;;;;;;;;
0;78;3;0,446942149;1,4511;;;;;;;;;;;
0;79;3;0,446942149;1,4047;;;;;;;;;;;
0;80;3;0,446942149;1,4529;;;;;;;;;;;
0;81;3;0,446942149;1,3613;;;;;;;;;;;
0;82;3;0,446942149;1,4133;;;;;;;;;;;
0;83;3;0,446942149;1,3647;;;;;;;;;;;
0;84;3;0,446942149;1,4007;;;;;;;;;;;
0;85;3;0,446942149;1,3874;;;;;;;;;;;
0;86;3;0,446942149;1,3730;;;;;;;;;;;
0;87;3;0,446942149;1,5176;;;;;;;;;;;
0;88;3;0,446942149;1,4574;;;;;;;;;;;
0;89;3;0,446942149;1,4552;;;;;;;;;;;
0;90;3;0,446942149;1,3986;;;;;;;;;;;
0;91;3;0,446942149;1,4512;;;;;;;;;;;
0;92;3;0,446942149;1,3673;;;;;;;;;;;
0;93;3;0,446942149;1,3636;;;;;;;;;;;
0;94;3;0,446942149;1,3840;;;;;;;;;;;
0;95;3;0,446942149;1,3584;;;;;;;;;;;
0;96;3;0,446942149;1,3830;;;;;;;;;;;
0;97;3;0,446942149;1,4705;;;;;;;;;;;
0;98;3;0,446942149;1,3772;;;;;;;;;;;
0;99;3;0,446942149;1,4701;;;;;;;;;;;
0;100;3;0,446942149;1,3684;;;;;;;;;;;
0;1;6;0,606481481;3,4402;;;;;;;;;;;
0;2;6;0,606481481;1,4826;;;;;;;;;;;
0;3;6;0,606481481;1,4445;;;;;;;;;;;
0;4;6;0,606481481;1,4485;;;;;;;;;;;
0;5;6;0,606481481;1,4528;;;;;;;;;;;
0;6;6;0,606481481;1,5506;;;;;;;;;;;
0;7;6;0,606481481;1,5106;;;;;;;;;;;
0;8;6;0,606481481;1,5045;;;;;;;;;;;
0;9;6;0,606481481;1,4233;;;;;;;;;;;
0;10;6;0,606481481;1,4407;;;;;;;;;;;
0;11;6;0,606481481;1,4268;;;;;;;;;;;
0;12;6;0,606481481;1,4364;;;;;;;;;;;
0;13;6;0,606481481;1,4550;;;;;;;;;;;
0;14;6;0,606481481;1,4295;;;;;;;;;;;
0;15;6;0,606481481;1,4412;;;;;;;;;;;
0;16;6;0,606481481;1,4224;;;;;;;;;;;
0;17;6;0,606481481;1,4334;;;;;;;;;;;
0;18;6;0,606481481;1,4359;;;;;;;;;;;
0;19;6;0,606481481;1,4847;;;;;;;;;;;
0;20;6;0,606481481;1,4608;;;;;;;;;;;
0;21;6;0,606481481;1,4170;;;;;;;;;;;
0;22;6;0,606481481;1,4375;;;;;;;;;;;
0;23;6;0,606481481;1,4690;;;;;;;;;;;
0;24;6;0,606481481;1,4217;;;;;;;;;;;
0;25;6;0,606481481;1,4661;;;;;;;;;;;
0;26;6;0,606481481;1,4226;;;;;;;;;;;
0;27;6;0,606481481;1,4180;;;;;;;;;;;
0;28;6;0,606481481;1,4607;;;;;;;;;;;
0;29;6;0,606481481;1,5593;;;;;;;;;;;
0;30;6;0,606481481;1,4213;;;;;;;;;;;
0;31;6;0,606481481;1,4267;;;;;;;;;;;
0;32;6;0,606481481;1,4045;;;;;;;;;;;
0;33;6;0,606481481;1,3898;;;;;;;;;;;
0;34;6;0,606481481;1,3990;;;;;;;;;;;
0;35;6;0,606481481;1,3965;;;;;;;;;;;
0;36;6;0,606481481;1,4133;;;;;;;;;;;
0;37;6;0,606481481;1,4292;;;;;;;;;;;
0;38;6;0,606481481;1,4101;;;;;;;;;;;
0;39;6;0,606481481;1,4074;;;;;;;;;;;
0;40;6;0,606481481;1,5696;;;;;;;;;;;
0;41;6;0,606481481;1,4073;;;;;;;;;;;
0;42;6;0,606481481;1,3912;;;;;;;;;;;
0;43;6;0,606481481;1,4190;;;;;;;;;;;
0;44;6;0,606481481;1,4109;;;;;;;;;;;
0;45;6;0,606481481;1,4045;;;;;;;;;;;
0;46;6;0,606481481;1,4279;;;;;;;;;;;
0;47;6;0,606481481;1,4089;;;;;;;;;;;
0;48;6;0,606481481;1,4372;;;;;;;;;;;
0;49;6;0,606481481;1,5393;;;;;;;;;;;
0;50;6;0,606481481;1,4187;;;;;;;;;;;
0;51;6;0,606481481;1,4079;;;;;;;;;;;
0;52;6;0,606481481;1,4253;;;;;;;;;;;
0;53;6;0,606481481;1,4118;;;;;;;;;;;
0;54;6;0,606481481;1,4761;;;;;;;;;;;
0;55;6;0,606481481;1,4783;;;;;;;;;;;
0;56;6;0,606481481;1,4314;;;;;;;;;;;
0;57;6;0,606481481;1,4175;;;;;;;;;;;
0;58;6;0,606481481;1,4128;;;;;;;;;;;
0;59;6;0,606481481;1,4030;;;;;;;;;;;
0;60;6;0,606481481;1,4216;;;;;;;;;;;
0;61;6;0,606481481;1,4395;;;;;;;;;;;
0;62;6;0,606481481;1,4182;;;;;;;;;;;
0;63;6;0,606481481;1,4510;;;;;;;;;;;
0;64;6;0,606481481;1,4734;;;;;;;;;;;
0;65;6;0,606481481;1,4122;;;;;;;;;;;
0;66;6;0,606481481;1,4739;;;;;;;;;;;
0;67;6;0,606481481;1,4252;;;;;;;;;;;
0;68;6;0,606481481;1,4077;;;;;;;;;;;
0;69;6;0,606481481;1,4036;;;;;;;;;;;
0;70;6;0,606481481;1,4647;;;;;;;;;;;
0;71;6;0,606481481;1,4232;;;;;;;;;;;
0;72;6;0,606481481;1,3912;;;;;;;;;;;
0;73;6;0,606481481;1,5660;;;;;;;;;;;
0;74;6;0,606481481;1,4254;;;;;;;;;;;
0;75;6;0,606481481;1,4245;;;;;;;;;;;
0;76;6;0,606481481;1,4948;;;;;;;;;;;
0;77;6;0,606481481;1,4287;;;;;;;;;;;
0;78;6;0,606481481;1,5280;;;;;;;;;;;
0;79;6;0,606481481;1,4269;;;;;;;;;;;
0;80;6;0,606481481;1,4955;;;;;;;;;;;
0;81;6;0,606481481;1,4168;;;;;;;;;;;
0;82;6;0,606481481;1,3973;;;;;;;;;;;
0;83;6;0,606481481;1,4113;;;;;;;;;;;
0;84;6;0,606481481;1,4852;;;;;;;;;;;
0;85;6;0,606481481;1,4408;;;;;;;;;;;
0;86;6;0,606481481;1,4688;;;;;;;;;;;
0;87;6;0,606481481;1,4129;;;;;;;;;;;
0;88;6;0,606481481;1,4109;;;;;;;;;;;
0;89;6;0,606481481;1,4621;;;;;;;;;;;
0;90;6;0,606481481;1,4369;;;;;;;;;;;
0;91;6;0,606481481;1,4198;;;;;;;;;;;
0;92;6;0,606481481;1,4165;;;;;;;;;;;
0;93;6;0,606481481;1,4977;;;;;;;;;;;
0;94;6;0,606481481;1,4435;;;;;;;;;;;
0;95;6;0,606481481;1,4592;;;;;;;;;;;
0;96;6;0,606481481;1,4750;;;;;;;;;;;
0;97;6;0,606481481;1,4832;;;;;;;;;;;
0;98;6;0,606481481;1,4344;;;;;;;;;;;
0;99;6;0,606481481;1,4266;;;;;;;;;;;
0;100;6;0,606481481;1,5066;;;;;;;;;;;
0;1;6;0,290723156;4,7442;;;;;;;;;;;
0;2;3;0,041273412;2,0743;;;;;;;;;;;
0;3;3;0,108336636;3,0802;;;;;;;;;;;
0;4;3;0,497808619;4,7421;;;;;;;;;;;
0;5;3;0,497808619;2,4081;;;;;;;;;;;
0;6;3;0,497808619;4,0742;;;;;;;;;;;
0;7;3;0,497808619;2,6584;;;;;;;;;;;
0;8;3;0,497808619;1,5473;;;;;;;;;;;
0;9;3;0,497808619;3,6575;;;;;;;;;;;
0;10;3;0,497808619;2,3234;;;;;;;;;;;
0;11;3;0,497808619;3,9209;;;;;;;;;;;
0;12;3;0,497808619;1,8099;;;;;;;;;;;
0;13;3;0,497808619;1,4376;;;;;;;;;;;
0;14;3;0,497808619;1,5847;;;;;;;;;;;
0;15;3;0,497808619;1,5269;;;;;;;;;;;
0;16;3;0,497808619;1,4573;;;;;;;;;;;
0;17;3;0,497808619;1,5512;;;;;;;;;;;
0;18;3;0,497808619;1,4429;;;;;;;;;;;
0;19;3;0,497808619;1,4516;;;;;;;;;;;
0;20;3;0,497808619;1,4508;;;;;;;;;;;
0;21;3;0,497808619;1,5265;;;;;;;;;;;
0;22;3;0,495644444;1,5472;;;;;;;;;;;
0;23;3;0,495644444;1,5638;;;;;;;;;;;
0;24;3;0,495644444;1,4498;;;;;;;;;;;
0;25;3;0,495644444;1,6083;;;;;;;;;;;
0;26;3;0,495644444;1,5086;;;;;;;;;;;
0;27;3;0,495644444;1,4181;;;;;;;;;;;
0;28;3;0,495644444;1,5362;;;;;;;;;;;
0;29;3;0,495644444;1,5040;;;;;;;;;;;
0;30;3;0,495644444;1,5536;;;;;;;;;;;
0;31;3;0,495644444;1,5437;;;;;;;;;;;
0;32;3;0,495644444;1,5272;;;;;;;;;;;
0;33;3;0,495644444;1,5150;;;;;;;;;;;
0;34;3;0,495644444;1,4538;;;;;;;;;;;
0;35;3;0,495644444;1,6392;;;;;;;;;;;
0;36;3;0,495644444;1,8968;;;;;;;;;;;
0;37;3;0,495644444;1,6190;;;;;;;;;;;
0;38;3;0,495644444;1,4382;;;;;;;;;;;
0;39;3;0,495644444;1,4859;;;;;;;;;;;
0;40;3;0,495644444;1,4462;;;;;;;;;;;
0;41;2;0,025636701;1,5046;;;;;;;;;;;
0;42;4;0,542355372;1,4903;;;;;;;;;;;
0;43;4;0,542355372;1,4223;;;;;;;;;;;
0;44;4;0,542355372;1,5375;;;;;;;;;;;
0;45;4;0,542355372;1,5078;;;;;;;;;;;
0;46;4;0,542355372;1,5169;;;;;;;;;;;
0;47;4;0,542355372;1,6526;;;;;;;;;;;
0;48;4;0,542355372;1,5506;;;;;;;;;;;
0;49;4;0,542355372;1,4376;;;;;;;;;;;
0;50;4;0,542355372;1,4421;;;;;;;;;;;
0;51;4;0,542355372;1,4523;;;;;;;;;;;
0;52;4;0,542355372;1,4380;;;;;;;;;;;
0;53;4;0,542355372;1,5176;;;;;;;;;;;
0;54;4;0,542355372;1,5274;;;;;;;;;;;
0;55;4;0,542355372;1,4777;;;;;;;;;;;
0;56;4;0,542355372;1,4931;;;;;;;;;;;
0;57;4;0,542355372;1,4770;;;;;;;;;;;
0;58;4;0,542355372;1,6653;;;;;;;;;;;
0;59;4;0,542355372;1,5634;;;;;;;;;;;
0;60;4;0,542355372;1,5752;;;;;;;;;;;
0;61;4;0,542355372;1,9925;;;;;;;;;;;
0;62;4;0,542355372;2,3561;;;;;;;;;;;
0;63;4;0,542355372;1,9468;;;;;;;;;;;
0;64;4;0,542355372;2,1277;;;;;;;;;;;
0;65;4;0,542355372;1,8144;;;;;;;;;;;
0;66;4;0,542355372;2,6285;;;;;;;;;;;
0;67;4;0,542355372;1,9719;;;;;;;;;;;
0;68;4;0,542355372;1,6304;;;;;;;;;;;
0;69;4;0,542355372;3,4387;;;;;;;;;;;
0;70;4;0,542355372;2,6406;;;;;;;;;;;
0;71;4;0,542355372;1,7183;;;;;;;;;;;
0;72;4;0,542355372;1,6512;;;;;;;;;;;
0;73;4;0,542355372;1,8529;;;;;;;;;;;
0;74;4;0,542355372;2,0651;;;;;;;;;;;
0;75;4;0,542355372;1,8872;;;;;;;;;;;
0;76;4;0,542355372;2,1233;;;;;;;;;;;
0;77;4;0,542355372;1,7334;;;;;;;;;;;
0;78;4;0,542355372;3,0635;;;;;;;;;;;
0;79;4;0,542355372;2,9236;;;;;;;;;;;
0;80;4;0,542355372;1,7242;;;;;;;;;;;
0;81;4;0,542355372;1,6684;;;;;;;;;;;
0;82;4;0,542355372;1,9137;;;;;;;;;;;
0;83;4;0,542355372;2,0404;;;;;;;;;;;
0;84;4;0,542355372;1,6968;;;;;;;;;;;
0;85;4;0,542355372;2,0123;;;;;;;;;;;
0;86;4;0,542355372;1,7760;;;;;;;;;;;
0;87;4;0,542355372;1,6501;;;;;;;;;;;
0;88;4;0,542355372;1,8100;;;;;;;;;;;
0;89;4;0,542355372;2,4289;;;;;;;;;;;
0;90;4;0,542355372;1,8336;;;;;;;;;;;
0;91;4;0,542355372;2,0891;;;;;;;;;;;
0;92;4;0,542355372;1,8320;;;;;;;;;;;
0;93;4;0,542355372;1,9756;;;;;;;;;;;
0;94;4;0,542355372;1,8953;;;;;;;;;;;
0;95;4;0,542355372;1,4693;;;;;;;;;;;
0;96;4;0,542355372;1,4741;;;;;;;;;;;
0;97;4;0,542355372;1,4642;;;;;;;;;;;
0;98;4;0,542355372;1,5436;;;;;;;;;;;
0;99;4;0,542355372;1,4367;;;;;;;;;;;
0;100;4;0,542355372;1,6326;;;;;;;;;;;
0;1;5;0,351211073;5,4162;;;;;;;;;;;
0;2;2;0,025473465;2,3945;;;;;;;;;;;
0;3;1;0;2,6874;;;;;;;;;;;
0;4;2;0;2,5521;;;;;;;;;;;
0;5;4;0,112889273;2,3147;;;;;;;;;;;
0;6;2;0,296417234;2,5320;;;;;;;;;;;
0;7;2;0,296417234;4,2452;;;;;;;;;;;
0;8;2;0,296417234;3,2463;;;;;;;;;;;
0;9;2;0,296417234;2,8713;;;;;;;;;;;
0;10;2;0,296417234;3,5617;;;;;;;;;;;
0;11;2;0,292077911;2,6282;;;;;;;;;;;
0;12;2;0,292077911;2,1246;;;;;;;;;;;
0;13;2;0,292077911;2,1877;;;;;;;;;;;
0;14;2;0,292077911;2,9469;;;;;;;;;;;
0;15;2;0,292077911;2,1834;;;;;;;;;;;
0;16;2;0,292077911;2,7052;;;;;;;;;;;
0;17;2;0,292077911;3,5724;;;;;;;;;;;
0;18;2;0,292077911;3,5371;;;;;;;;;;;
0;19;2;0,289951989;2,9876;;;;;;;;;;;
0;20;2;0,289951989;3,6958;;;;;;;;;;;
0;21;2;0,289951989;2,2044;;;;;;;;;;;
0;22;2;0,289951989;1,7926;;;;;;;;;;;
0;23;2;0,327846459;1,8607;;;;;;;;;;;
0;24;3;0,513417151;2,0144;;;;;;;;;;;
0;25;3;0,513417151;2,1360;;;;;;;;;;;
0;26;3;0,513417151;2,2131;;;;;;;;;;;
0;27;3;0,513417151;1,6623;;;;;;;;;;;
0;28;3;0,513417151;1,6205;;;;;;;;;;;
0;29;3;0,513417151;1,6272;;;;;;;;;;;
0;30;3;0,513417151;1,6728;;;;;;;;;;;
0;31;3;0,513417151;1,6452;;;;;;;;;;;
0;32;3;0,513417151;1,6877;;;;;;;;;;;
0;33;3;0,513417151;1,8112;;;;;;;;;;;
0;34;3;0,513417151;3,7203;;;;;;;;;;;
0;35;3;0,513417151;1,6623;;;;;;;;;;;
0;36;3;0,513417151;1,6518;;;;;;;;;;;
0;37;3;0,513417151;1,6438;;;;;;;;;;;
0;38;3;0,513417151;1,6878;;;;;;;;;;;
0;39;3;0,513417151;1,6280;;;;;;;;;;;
0;40;3;0,513417151;1,6447;;;;;;;;;;;
0;41;3;0,513417151;1,6800;;;;;;;;;;;
0;42;3;0,513417151;1,6829;;;;;;;;;;;
0;43;3;0,513417151;1,6370;;;;;;;;;;;
0;44;3;0,513417151;1,6702;;;;;;;;;;;
0;45;3;0,513417151;1,7011;;;;;;;;;;;
0;46;3;0,513417151;1,6733;;;;;;;;;;;
0;47;3;0,513417151;1,7479;;;;;;;;;;;
0;48;3;0,513417151;1,7335;;;;;;;;;;;
0;49;3;0,513417151;1,6198;;;;;;;;;;;
0;50;3;0,513417151;1,6071;;;;;;;;;;;
0;51;3;0,513417151;1,6447;;;;;;;;;;;
0;52;3;0,513417151;2,5147;;;;;;;;;;;
0;53;3;0,513417151;1,8560;;;;;;;;;;;
0;54;3;0,513417151;2,0387;;;;;;;;;;;
0;55;3;0,513417151;2,1482;;;;;;;;;;;
0;56;3;0,513417151;2,2391;;;;;;;;;;;
0;57;3;0,513417151;1,8483;;;;;;;;;;;
0;58;3;0,513417151;1,6993;;;;;;;;;;;
0;59;3;0,513417151;1,8152;;;;;;;;;;;
0;60;3;0,513417151;1,7066;;;;;;;;;;;
0;61;3;0,513417151;1,7127;;;;;;;;;;;
0;62;3;0,513417151;1,7125;;;;;;;;;;;
0;63;3;0,513417151;1,6827;;;;;;;;;;;
0;64;3;0,513417151;2,7445;;;;;;;;;;;
0;65;3;0,513417151;2,5538;;;;;;;;;;;
0;66;3;0,513417151;1,7180;;;;;;;;;;;
0;67;3;0,513417151;1,8262;;;;;;;;;;;
0;68;3;0,513417151;1,7550;;;;;;;;;;;
0;69;3;0,513417151;1,7123;;;;;;;;;;;
0;70;3;0,513417151;1,7356;;;;;;;;;;;
0;71;3;0,513417151;1,7301;;;;;;;;;;;
0;72;3;0,513417151;1,7021;;;;;;;;;;;
0;73;3;0,513417151;1,8104;;;;;;;;;;;
0;74;3;0,513417151;1,6742;;;;;;;;;;;
0;75;3;0,513417151;1,9435;;;;;;;;;;;
0;76;3;0,513417151;3,5944;;;;;;;;;;;
0;77;3;0,513417151;3,0817;;;;;;;;;;;
0;78;3;0,513417151;2,3671;;;;;;;;;;;
0;79;3;0,513417151;1,5884;;;;;;;;;;;
0;80;3;0,513417151;1,5764;;;;;;;;;;;
0;81;3;0,513417151;1,5496;;;;;;;;;;;
0;82;3;0,513417151;1,5230;;;;;;;;;;;
0;83;3;0,513417151;1,5481;;;;;;;;;;;
0;84;3;0,513417151;1,5121;;;;;;;;;;;
0;85;3;0,513417151;2,6053;;;;;;;;;;;
0;86;3;0,513417151;1,6078;;;;;;;;;;;
0;87;3;0,513417151;1,7713;;;;;;;;;;;
0;88;3;0,513417151;2,2632;;;;;;;;;;;
0;89;3;0,513417151;3,2862;;;;;;;;;;;
0;90;3;0,513417151;2,3589;;;;;;;;;;;
0;91;3;0,513417151;1,7031;;;;;;;;;;;
0;92;3;0,513417151;1,6933;;;;;;;;;;;
0;93;3;0,513417151;2,5114;;;;;;;;;;;
0;94;3;0,513417151;1,7951;;;;;;;;;;;
0;95;3;0,513417151;1,9854;;;;;;;;;;;
0;96;3;0,513417151;3,0979;;;;;;;;;;;
0;97;3;0,513417151;2,2732;;;;;;;;;;;
0;98;3;0,513417151;3,7563;;;;;;;;;;;
0;99;3;0,513417151;2,3496;;;;;;;;;;;
0;100;3;0,513417151;1,8569;;;;;;;;;;;
0;1;4;0,473372781;2,9969;;;;;;;;;;;
0;2;2;0,025969529;1,9024;;;;;;;;;;;
0;3;1;0;2,3576;;;;;;;;;;;
0;4;4;0,092611409;4,0393;;;;;;;;;;;
0;5;2;0,46612873;1,6984;;;;;;;;;;;
0;6;2;0,4608;2,0656;;;;;;;;;;;
0;7;2;0,458102493;2,0172;;;;;;;;;;;
0;8;2;0,458102493;2,0103;;;;;;;;;;;
0;9;2;0,452662722;3,8918;;;;;;;;;;;
0;10;1;0;3,1996;;;;;;;;;;;
0;11;5;0,683364839;2,2401;;;;;;;;;;;
0;12;5;0,683364839;2,2268;;;;;;;;;;;
0;13;5;0,683364839;1,9857;;;;;;;;;;;
0;14;5;0,683364839;1,6813;;;;;;;;;;;
0;15;5;0,683364839;2,2670;;;;;;;;;;;
0;16;5;0,683364839;4,4837;;;;;;;;;;;
0;17;5;0,683364839;1,9600;;;;;;;;;;;
0;18;5;0,683364839;3,2032;;;;;;;;;;;
0;19;5;0,683364839;2,6907;;;;;;;;;;;
0;20;5;0,683364839;1,8388;;;;;;;;;;;
0;21;5;0,683364839;3,0524;;;;;;;;;;;
0;22;5;0,683364839;2,3093;;;;;;;;;;;
0;23;5;0,683364839;1,6961;;;;;;;;;;;
0;24;5;0,683364839;1,7365;;;;;;;;;;;
0;25;5;0,683364839;1,9121;;;;;;;;;;;
0;26;5;0,683364839;1,7207;;;;;;;;;;;
0;27;5;0,683364839;1,8623;;;;;;;;;;;
0;28;5;0,683364839;1,7232;;;;;;;;;;;
0;29;5;0,683364839;1,7434;;;;;;;;;;;
0;30;5;0,683364839;1,7197;;;;;;;;;;;
0;31;5;0,683364839;2,2607;;;;;;;;;;;
0;32;5;0,683364839;2,5622;;;;;;;;;;;
0;33;5;0,683364839;1,7278;;;;;;;;;;;
0;34;5;0,683364839;2,3636;;;;;;;;;;;
0;35;5;0,683364839;1,6642;;;;;;;;;;;
0;36;5;0,683364839;2,4980;;;;;;;;;;;
0;37;5;0,683364839;2,0672;;;;;;;;;;;
0;38;5;0,683364839;2,0052;;;;;;;;;;;
0;39;5;0,683364839;2,9085;;;;;;;;;;;
0;40;5;0,683364839;2,0968;;;;;;;;;;;
0;41;5;0,683364839;2,1505;;;;;;;;;;;
0;42;5;0,683364839;1,6019;;;;;;;;;;;
0;43;5;0,683364839;1,5566;;;;;;;;;;;
0;44;5;0,683364839;1,7175;;;;;;;;;;;
0;45;5;0,683364839;1,5859;;;;;;;;;;;
0;46;5;0,683364839;3,0291;;;;;;;;;;;
0;47;5;0,683364839;1,8496;;;;;;;;;;;
0;48;5;0,683364839;1,9862;;;;;;;;;;;
0;49;5;0,683364839;2,4733;;;;;;;;;;;
0;50;5;0,683364839;2,0104;;;;;;;;;;;
0;51;5;0,683364839;2,0774;;;;;;;;;;;
0;52;5;0,683364839;1,5646;;;;;;;;;;;
0;53;5;0,683364839;1,6034;;;;;;;;;;;
0;54;5;0,683364839;1,6662;;;;;;;;;;;
0;55;5;0,683364839;1,6526;;;;;;;;;;;
0;56;5;0,683364839;1,7780;;;;;;;;;;;
0;57;5;0,683364839;1,6999;;;;;;;;;;;
0;58;5;0,683364839;1,5855;;;;;;;;;;;
0;59;5;0,683364839;1,5606;;;;;;;;;;;
0;60;5;0,683364839;1,8056;;;;;;;;;;;
0;61;5;0,683364839;1,9009;;;;;;;;;;;
0;62;5;0,683364839;1,9600;;;;;;;;;;;
0;63;5;0,683364839;1,7822;;;;;;;;;;;
0;64;5;0,683364839;2,8258;;;;;;;;;;;
0;65;5;0,683364839;1,9287;;;;;;;;;;;
0;66;5;0,683364839;1,7450;;;;;;;;;;;
0;67;5;0,683364839;1,8444;;;;;;;;;;;
0;68;5;0,683364839;1,7895;;;;;;;;;;;
0;69;5;0,683364839;1,6988;;;;;;;;;;;
0;70;5;0,683364839;1,7120;;;;;;;;;;;
0;71;5;0,683364839;1,8676;;;;;;;;;;;
0;72;5;0,683364839;2,4436;;;;;;;;;;;
0;73;5;0,683364839;1,7966;;;;;;;;;;;
0;74;5;0,683364839;1,5802;;;;;;;;;;;
0;75;5;0,683364839;2,1326;;;;;;;;;;;
0;76;5;0,683364839;4,3541;;;;;;;;;;;
0;77;5;0,683364839;2,3003;;;;;;;;;;;
0;78;5;0,683364839;2,8487;;;;;;;;;;;
0;79;5;0,683364839;2,3387;;;;;;;;;;;
0;80;5;0,683364839;2,9792;;;;;;;;;;;
0;81;5;0,683364839;2,1889;;;;;;;;;;;
0;82;5;0,683364839;1,8246;;;;;;;;;;;
0;83;5;0,683364839;1,8021;;;;;;;;;;;
0;84;5;0,683364839;1,9006;;;;;;;;;;;
0;85;5;0,683364839;1,9981;;;;;;;;;;;
0;86;5;0,683364839;1,8903;;;;;;;;;;;
0;87;5;0,683364839;1,9087;;;;;;;;;;;
0;88;5;0,683364839;2,0386;;;;;;;;;;;
0;89;5;0,683364839;1,9285;;;;;;;;;;;
0;90;5;0,683364839;1,9284;;;;;;;;;;;
0;91;5;0,683364839;2,1030;;;;;;;;;;;
0;92;5;0,683364839;2,4775;;;;;;;;;;;
0;93;5;0,683364839;1,7296;;;;;;;;;;;
0;94;5;0,683364839;1,7559;;;;;;;;;;;
0;95;5;0,683364839;1,7335;;;;;;;;;;;
0;96;5;0,683364839;1,8646;;;;;;;;;;;
0;97;5;0,683364839;1,6611;;;;;;;;;;;
0;98;5;0,683364839;1,7149;;;;;;;;;;;
0;99;5;0,683364839;1,5882;;;;;;;;;;;
0;100;5;0,683364839;1,6602;;;;;;;;;;;
0;1;6;0,680541103;6,8610;;;;;;;;;;;
0;2;6;0,680541103;2,1187;;;;;;;;;;;
0;3;6;0,680541103;2,7138;;;;;;;;;;;
0;4;6;0,680541103;2,2711;;;;;;;;;;;
0;5;6;0,680541103;1,9065;;;;;;;;;;;
0;6;6;0,680541103;2,5789;;;;;;;;;;;
0;7;6;0,680541103;2,1867;;;;;;;;;;;
0;8;6;0,680541103;1,9122;;;;;;;;;;;
0;9;6;0,680541103;1,8774;;;;;;;;;;;
0;10;6;0,680541103;1,7803;;;;;;;;;;;
0;11;6;0,680541103;1,8122;;;;;;;;;;;
0;12;6;0,680541103;1,6203;;;;;;;;;;;
0;13;6;0,680541103;1,8617;;;;;;;;;;;
0;14;6;0,680541103;1,8149;;;;;;;;;;;
0;15;6;0,680541103;1,6591;;;;;;;;;;;
0;16;6;0,680541103;1,8510;;;;;;;;;;;
0;17;6;0,680541103;1,7137;;;;;;;;;;;
0;18;6;0,680541103;1,9686;;;;;;;;;;;
0;19;6;0,680541103;1,8619;;;;;;;;;;;
0;20;6;0,680541103;1,7024;;;;;;;;;;;
0;21;6;0,680541103;1,6974;;;;;;;;;;;
0;22;6;0,680541103;1,8753;;;;;;;;;;;
0;23;6;0,680541103;1,6460;;;;;;;;;;;
0;24;6;0,680541103;1,8696;;;;;;;;;;;
0;25;6;0,680541103;1,6813;;;;;;;;;;;
0;26;6;0,680541103;2,1930;;;;;;;;;;;
0;27;6;0,680541103;2,3324;;;;;;;;;;;
0;28;6;0,680541103;2,4964;;;;;;;;;;;
0;29;6;0,680541103;2,6934;;;;;;;;;;;
0;30;6;0,680541103;1,8897;;;;;;;;;;;
0;31;6;0,680541103;1,7880;;;;;;;;;;;
0;32;6;0,680541103;2,4472;;;;;;;;;;;
0;33;6;0,680541103;2,4415;;;;;;;;;;;
0;34;6;0,680541103;1,6622;;;;;;;;;;;
0;35;6;0,680541103;1,6787;;;;;;;;;;;
0;36;6;0,680541103;1,6534;;;;;;;;;;;
0;37;6;0,680541103;1,7345;;;;;;;;;;;
0;38;6;0,680541103;2,1310;;;;;;;;;;;
0;39;6;0,680541103;1,9666;;;;;;;;;;;
0;40;6;0,680541103;2,4074;;;;;;;;;;;
0;41;6;0,680541103;1,7588;;;;;;;;;;;
0;42;6;0,680541103;1,4728;;;;;;;;;;;
0;43;6;0,680541103;1,7319;;;;;;;;;;;
0;44;6;0,680541103;2,3756;;;;;;;;;;;
0;45;6;0,680541103;2,0416;;;;;;;;;;;
0;46;6;0,680541103;1,7460;;;;;;;;;;;
0;47;6;0,680541103;1,6723;;;;;;;;;;;
0;48;6;0,680541103;1,6685;;;;;;;;;;;
0;49;6;0,680541103;1,6210;;;;;;;;;;;
0;50;6;0,680541103;1,7015;;;;;;;;;;;
0;51;6;0,680541103;1,6499;;;;;;;;;;;
0;52;6;0,680541103;1,6203;;;;;;;;;;;
0;53;6;0,680541103;1,7014;;;;;;;;;;;
0;54;6;0,680541103;1,6809;;;;;;;;;;;
0;55;6;0,680541103;1,7292;;;;;;;;;;;
0;56;6;0,680541103;1,7482;;;;;;;;;;;
0;57;6;0,680541103;1,7678;;;;;;;;;;;
0;58;6;0,680541103;1,8251;;;;;;;;;;;
0;59;6;0,680541103;1,6029;;;;;;;;;;;
0;60;6;0,680541103;1,8610;;;;;;;;;;;
0;61;6;0,680541103;1,6355;;;;;;;;;;;
0;62;6;0,680541103;1,7701;;;;;;;;;;;
0;63;6;0,680541103;1,5961;;;;;;;;;;;
0;64;6;0,680541103;1,5715;;;;;;;;;;;
0;65;6;0,680541103;1,6613;;;;;;;;;;;
0;66;6;0,680541103;1,7164;;;;;;;;;;;
0;67;6;0,680541103;1,5580;;;;;;;;;;;
0;68;6;0,680541103;1,5267;;;;;;;;;;;
0;69;6;0,680541103;2,3580;;;;;;;;;;;
0;70;6;0,680541103;2,1769;;;;;;;;;;;
0;71;6;0,680541103;2,5947;;;;;;;;;;;
0;72;6;0,680541103;1,6472;;;;;;;;;;;
0;73;6;0,680541103;1,7192;;;;;;;;;;;
0;74;6;0,680541103;1,5864;;;;;;;;;;;
0;75;6;0,680541103;1,6488;;;;;;;;;;;
0;76;6;0,680541103;1,8879;;;;;;;;;;;
0;77;6;0,680541103;1,5593;;;;;;;;;;;
0;78;6;0,680541103;1,5464;;;;;;;;;;;
0;79;6;0,680541103;1,5941;;;;;;;;;;;
0;80;6;0,680541103;1,6909;;;;;;;;;;;
0;81;6;0,680541103;1,5425;;;;;;;;;;;
0;82;6;0,680541103;1,5928;;;;;;;;;;;
0;83;6;0,680541103;1,6851;;;;;;;;;;;
0;84;6;0,680541103;1,5411;;;;;;;;;;;
0;85;6;0,680541103;1,7252;;;;;;;;;;;
0;86;6;0,680541103;1,6688;;;;;;;;;;;
0;87;6;0,680541103;1,5794;;;;;;;;;;;
0;88;6;0,680541103;1,6655;;;;;;;;;;;
0;89;6;0,680541103;1,5947;;;;;;;;;;;
0;90;6;0,680541103;1,5380;;;;;;;;;;;
0;91;6;0,680541103;1,9677;;;;;;;;;;;
0;92;6;0,680541103;1,6582;;;;;;;;;;;
0;93;6;0,680541103;2,0010;;;;;;;;;;;
0;94;6;0,680541103;2,6130;;;;;;;;;;;
0;95;6;0,680541103;1,9562;;;;;;;;;;;
0;96;6;0,680541103;2,3400;;;;;;;;;;;
0;97;6;0,680541103;2,0862;;;;;;;;;;;
0;98;6;0,680541103;1,9815;;;;;;;;;;;
0;99;6;0,680541103;1,7688;;;;;;;;;;;
0;100;6;0,680541103;1,9340;;;;;;;;;;;
0;1;5;0,517777778;6,7416;;;;;;;;;;;
0;2;5;0,517777778;3,0641;;;;;;;;;;;
0;3;5;0,517777778;2,0664;;;;;;;;;;;
0;4;5;0,517777778;2,1783;;;;;;;;;;;
0;5;5;0,517777778;2,4142;;;;;;;;;;;
0;6;5;0,517777778;2,1487;;;;;;;;;;;
0;7;5;0,517777778;1,7047;;;;;;;;;;;
0;8;5;0,517777778;1,5402;;;;;;;;;;;
0;9;5;0,517777778;1,6434;;;;;;;;;;;
0;10;5;0,517777778;1,7521;;;;;;;;;;;
0;11;5;0,517777778;1,8713;;;;;;;;;;;
0;12;5;0,517777778;2,1479;;;;;;;;;;;
0;13;5;0,517777778;2,7145;;;;;;;;;;;
0;14;5;0,517777778;2,0044;;;;;;;;;;;
0;15;5;0,517777778;4,7641;;;;;;;;;;;
0;16;5;0,517777778;5,8694;;;;;;;;;;;
0;17;5;0,517777778;1,7342;;;;;;;;;;;
0;18;5;0,517777778;1,7780;;;;;;;;;;;
0;19;5;0,517777778;1,7625;;;;;;;;;;;
0;20;5;0,517777778;1,9401;;;;;;;;;;;
0;21;5;0,517777778;3,1634;;;;;;;;;;;
0;22;5;0,517777778;2,4121;;;;;;;;;;;
0;23;5;0,517777778;1,9576;;;;;;;;;;;
0;24;5;0,517777778;2,1087;;;;;;;;;;;
0;25;5;0,517777778;2,0290;;;;;;;;;;;
0;26;5;0,517777778;1,9008;;;;;;;;;;;
0;27;5;0,517777778;1,6625;;;;;;;;;;;
0;28;5;0,517777778;2,0103;;;;;;;;;;;
0;29;5;0,517777778;2,6123;;;;;;;;;;;
0;30;5;0,517777778;2,3523;;;;;;;;;;;
0;31;5;0,517777778;2,2140;;;;;;;;;;;
0;32;5;0,517777778;2,8030;;;;;;;;;;;
0;33;5;0,517777778;2,5449;;;;;;;;;;;
0;34;5;0,517777778;2,5026;;;;;;;;;;;
0;35;5;0,517777778;2,3406;;;;;;;;;;;
0;36;5;0,517777778;2,5240;;;;;;;;;;;
0;37;5;0,517777778;2,5657;;;;;;;;;;;
0;38;5;0,517777778;1,7201;;;;;;;;;;;
0;39;5;0,517777778;1,8388;;;;;;;;;;;
0;40;5;0,517777778;2,1222;;;;;;;;;;;
0;41;5;0,517777778;2,3818;;;;;;;;;;;
0;42;5;0,517777778;2,0368;;;;;;;;;;;
0;43;5;0,517777778;2,7007;;;;;;;;;;;
0;44;5;0,517777778;2,2939;;;;;;;;;;;
0;45;5;0,517777778;2,1368;;;;;;;;;;;
0;46;5;0,517777778;2,1690;;;;;;;;;;;
0;47;5;0,517777778;2,1679;;;;;;;;;;;
0;48;5;0,517777778;1,6367;;;;;;;;;;;
0;49;5;0,517777778;1,6699;;;;;;;;;;;
0;50;5;0,517777778;1,9891;;;;;;;;;;;
0;51;5;0,517777778;2,2961;;;;;;;;;;;
0;52;5;0,517777778;1,8631;;;;;;;;;;;
0;53;5;0,517777778;1,9508;;;;;;;;;;;
0;54;5;0,517777778;1,9794;;;;;;;;;;;
0;55;5;0,517777778;4,8415;;;;;;;;;;;
0;56;5;0,517777778;1,6785;;;;;;;;;;;
0;57;5;0,517777778;1,8746;;;;;;;;;;;
0;58;5;0,517777778;2,8230;;;;;;;;;;;
0;59;5;0,517777778;2,2251;;;;;;;;;;;
0;60;5;0,517777778;1,7145;;;;;;;;;;;
0;61;5;0,517777778;2,1393;;;;;;;;;;;
0;62;5;0,517777778;2,0481;;;;;;;;;;;
0;63;5;0,517777778;1,7646;;;;;;;;;;;
0;64;5;0,517777778;1,7931;;;;;;;;;;;
0;65;5;0,517777778;1,8199;;;;;;;;;;;
0;66;5;0,517777778;1,6495;;;;;;;;;;;
0;67;5;0,517777778;1,7662;;;;;;;;;;;
0;68;5;0,517777778;1,9228;;;;;;;;;;;
0;69;5;0,517777778;2,0172;;;;;;;;;;;
0;70;5;0,517777778;1,7642;;;;;;;;;;;
0;71;5;0,517777778;1,6352;;;;;;;;;;;
0;72;5;0,517777778;1,5633;;;;;;;;;;;
0;73;5;0,517777778;2,0059;;;;;;;;;;;
0;74;5;0,517777778;3,5078;;;;;;;;;;;
0;75;5;0,517777778;5,0699;;;;;;;;;;;
0;76;5;0,517777778;2,8664;;;;;;;;;;;
0;77;5;0,517777778;1,9379;;;;;;;;;;;
0;78;5;0,517777778;1,8723;;;;;;;;;;;
0;79;5;0,517777778;1,9610;;;;;;;;;;;
0;80;5;0,517777778;1,9610;;;;;;;;;;;
0;81;5;0,517777778;1,5377;;;;;;;;;;;
0;82;5;0,517777778;1,5798;;;;;;;;;;;
0;83;5;0,517777778;1,6543;;;;;;;;;;;
0;84;5;0,517777778;2,8431;;;;;;;;;;;
0;85;5;0,517777778;2,5026;;;;;;;;;;;
0;86;5;0,517777778;2,5997;;;;;;;;;;;
0;87;5;0,517777778;2,4384;;;;;;;;;;;
0;88;5;0,517777778;1,7213;;;;;;;;;;;
0;89;5;0,517777778;1,6233;;;;;;;;;;;
0;90;5;0,517777778;1,6123;;;;;;;;;;;
0;91;5;0,517777778;3,2687;;;;;;;;;;;
0;92;5;0,517777778;2,4464;;;;;;;;;;;
0;93;5;0,517777778;2,5014;;;;;;;;;;;
0;94;5;0,517777778;2,6592;;;;;;;;;;;
0;95;5;0,517777778;2,4713;;;;;;;;;;;
0;96;5;0,517777778;2,7791;;;;;;;;;;;
0;97;5;0,517777778;3,7186;;;;;;;;;;;
0;98;5;0,517777778;2,1165;;;;;;;;;;;
0;99;5;0,517777778;1,7950;;;;;;;;;;;
0;100;5;0,517777778;2,0842;;;;;;;;;;;
0;1;5;0,4453125;2,7922;;;;;;;;;;;
0;2;5;0,435261708;2,3795;;;;;;;;;;;
0;3;5;0,435261708;3,3930;;;;;;;;;;;
0;4;5;0,435261708;2,8313;;;;;;;;;;;
0;5;5;0,435261708;2,8917;;;;;;;;;;;
0;6;5;0,435261708;2,3338;;;;;;;;;;;
0;7;5;0,435261708;3,1063;;;;;;;;;;;
0;8;5;0,435261708;2,7354;;;;;;;;;;;
0;9;5;0,435261708;2,9121;;;;;;;;;;;
0;10;5;0,435261708;2,9383;;;;;;;;;;;
0;11;5;0,435261708;2,2233;;;;;;;;;;;
0;12;5;0,435261708;2,3911;;;;;;;;;;;
0;13;5;0,435261708;2,0833;;;;;;;;;;;
0;14;5;0,435261708;2,3278;;;;;;;;;;;
0;15;5;0,435261708;2,3712;;;;;;;;;;;
0;16;5;0,435261708;2,5258;;;;;;;;;;;
0;17;5;0,435261708;1,7332;;;;;;;;;;;
0;18;5;0,435261708;1,9019;;;;;;;;;;;
0;19;5;0,435261708;2,1142;;;;;;;;;;;
0;20;5;0,435261708;2,2298;;;;;;;;;;;
0;21;5;0,435261708;2,5205;;;;;;;;;;;
0;22;5;0,435261708;1,8721;;;;;;;;;;;
0;23;5;0,435261708;2,4334;;;;;;;;;;;
0;24;5;0,435261708;1,7538;;;;;;;;;;;
0;25;5;0,435261708;1,9996;;;;;;;;;;;
0;26;5;0,435261708;1,8395;;;;;;;;;;;
0;27;5;0,435261708;1,7926;;;;;;;;;;;
0;28;5;0,435261708;1,8734;;;;;;;;;;;
0;29;5;0,435261708;1,8410;;;;;;;;;;;
0;30;5;0,435261708;1,6331;;;;;;;;;;;
0;31;5;0,435261708;1,6907;;;;;;;;;;;
0;32;5;0,435261708;1,8883;;;;;;;;;;;
0;33;5;0,435261708;2,2170;;;;;;;;;;;
0;34;5;0,435261708;1,9291;;;;;;;;;;;
0;35;5;0,435261708;2,5819;;;;;;;;;;;
0;36;5;0,435261708;1,6716;;;;;;;;;;;
0;37;5;0,435261708;2,0416;;;;;;;;;;;
0;38;5;0,435261708;2,2397;;;;;;;;;;;
0;39;5;0,435261708;3,4479;;;;;;;;;;;
0;40;5;0,435261708;2,3877;;;;;;;;;;;
0;41;5;0,435261708;3,7337;;;;;;;;;;;
0;42;5;0,435261708;1,9407;;;;;;;;;;;
0;43;5;0,435261708;2,1858;;;;;;;;;;;
0;44;5;0,435261708;1,6796;;;;;;;;;;;
0;45;5;0,435261708;2,5359;;;;;;;;;;;
0;46;5;0,435261708;2,2253;;;;;;;;;;;
0;47;5;0,425605536;2,7955;;;;;;;;;;;
0;48;5;0,425605536;1,8633;;;;;;;;;;;
0;49;5;0,425605536;1,8043;;;;;;;;;;;
0;50;5;0,425605536;1,9237;;;;;;;;;;;
0;51;5;0,425605536;1,7557;;;;;;;;;;;
0;52;5;0,425605536;1,8135;;;;;;;;;;;
0;53;5;0,425605536;1,8281;;;;;;;;;;;
0;54;5;0,425605536;1,8136;;;;;;;;;;;
0;55;5;0,425605536;1,7346;;;;;;;;;;;
0;56;5;0,425605536;1,6567;;;;;;;;;;;
0;57;5;0,425605536;1,6770;;;;;;;;;;;
0;58;5;0,425605536;2,4299;;;;;;;;;;;
0;59;5;0,425605536;3,6052;;;;;;;;;;;
0;60;5;0,425605536;2,2363;;;;;;;;;;;
0;61;5;0,425605536;1,9765;;;;;;;;;;;
0;62;5;0,425605536;2,5831;;;;;;;;;;;
0;63;5;0,425605536;1,8585;;;;;;;;;;;
0;64;5;0,425605536;1,8409;;;;;;;;;;;
0;65;5;0,425605536;3,0198;;;;;;;;;;;
0;66;5;0,425605536;2,7346;;;;;;;;;;;
0;67;5;0,425605536;1,8870;;;;;;;;;;;
0;68;5;0,425605536;2,5050;;;;;;;;;;;
0;69;5;0,425605536;1,8297;;;;;;;;;;;
0;70;5;0,425605536;2,1697;;;;;;;;;;;
0;71;5;0,425605536;1,8091;;;;;;;;;;;
0;72;5;0,425605536;2,6625;;;;;;;;;;;
0;73;5;0,425605536;1,8545;;;;;;;;;;;
0;74;5;0,425605536;2,0573;;;;;;;;;;;
0;75;5;0,425605536;1,6965;;;;;;;;;;;
0;76;5;0,425605536;2,0303;;;;;;;;;;;
0;77;5;0,425605536;1,9800;;;;;;;;;;;
0;78;5;0,425605536;2,0918;;;;;;;;;;;
0;79;5;0,425605536;1,7250;;;;;;;;;;;
0;80;5;0,425605536;2,0198;;;;;;;;;;;
0;81;5;0,425605536;1,8274;;;;;;;;;;;
0;82;5;0,425605536;1,8769;;;;;;;;;;;
0;83;5;0,425605536;2,1214;;;;;;;;;;;
0;84;5;0,425605536;1,9101;;;;;;;;;;;
0;85;5;0,425605536;2,0538;;;;;;;;;;;
0;86;5;0,425605536;1,8113;;;;;;;;;;;
0;87;5;0,425605536;1,7826;;;;;;;;;;;
0;88;5;0,425605536;2,3707;;;;;;;;;;;
0;89;5;0,425605536;2,1707;;;;;;;;;;;
0;90;5;0,425605536;1,7431;;;;;;;;;;;
0;91;5;0,425605536;2,0375;;;;;;;;;;;
0;92;5;0,425605536;1,9393;;;;;;;;;;;
0;93;5;0,425605536;2,2003;;;;;;;;;;;
0;94;5;0,425605536;4,0305;;;;;;;;;;;
0;95;5;0,425605536;2,5094;;;;;;;;;;;
0;96;5;0,425605536;2,1737;;;;;;;;;;;
0;97;5;0,425605536;1,7035;;;;;;;;;;;
0;98;5;0,425605536;1,6823;;;;;;;;;;;
0;99;5;0,425605536;1,7123;;;;;;;;;;;
0;100;5;0,425605536;1,6814;;;;;;;;;;;
0;1;5;0,429065744;5,9258;;;;;;;;;;;
0;2;2;0,010869241;3,6608;;;;;;;;;;;
0;3;2;0,010810491;2,8609;;;;;;;;;;;
0;4;1;0;3,3998;;;;;;;;;;;
0;5;2;0,0392;2,7783;;;;;;;;;;;
0;6;3;0,116923077;2,1599;;;;;;;;;;;
0;7;3;0,241059303;2,1731;;;;;;;;;;;
0;8;3;0,065284879;1,5622;;;;;;;;;;;
0;9;3;0,117759592;1,7005;;;;;;;;;;;
0;10;3;0,500905387;1,9398;;;;;;;;;;;
0;11;3;0,500905387;1,7351;;;;;;;;;;;
0;12;3;0,500905387;1,8101;;;;;;;;;;;
0;13;3;0,500905387;1,5568;;;;;;;;;;;
0;14;3;0,500905387;1,6744;;;;;;;;;;;
0;15;3;0,500905387;1,6691;;;;;;;;;;;
0;16;3;0,500905387;1,6304;;;;;;;;;;;
0;17;3;0,500905387;1,9798;;;;;;;;;;;
0;18;3;0,500905387;2,6031;;;;;;;;;;;
0;19;3;0,500905387;1,6813;;;;;;;;;;;
0;20;3;0,500905387;1,6642;;;;;;;;;;;
0;21;3;0,500905387;2,2308;;;;;;;;;;;
0;22;3;0,500905387;2,2542;;;;;;;;;;;
0;23;3;0,500905387;1,8458;;;;;;;;;;;
0;24;3;0,500905387;2,0199;;;;;;;;;;;
0;25;3;0,500905387;2,2338;;;;;;;;;;;
0;26;3;0,500905387;2,0969;;;;;;;;;;;
0;27;3;0,500905387;1,5514;;;;;;;;;;;
0;28;3;0,500905387;2,6138;;;;;;;;;;;
0;29;3;0,500905387;5,0165;;;;;;;;;;;
0;30;3;0,500905387;2,8523;;;;;;;;;;;
0;31;3;0,500905387;3,3028;;;;;;;;;;;
0;32;2;0,020616319;2,5487;;;;;;;;;;;
0;33;3;0,531040043;1,6087;;;;;;;;;;;
0;34;3;0,531040043;1,8730;;;;;;;;;;;
0;35;3;0,531040043;1,9897;;;;;;;;;;;
0;36;3;0,531040043;1,8440;;;;;;;;;;;
0;37;3;0,531040043;1,8382;;;;;;;;;;;
0;38;3;0,531040043;1,7534;;;;;;;;;;;
0;39;3;0,531040043;1,9476;;;;;;;;;;;
0;40;3;0,531040043;1,6702;;;;;;;;;;;
0;41;3;0,531040043;2,4717;;;;;;;;;;;
0;42;3;0,531040043;2,2179;;;;;;;;;;;
0;43;3;0,531040043;1,7042;;;;;;;;;;;
0;44;3;0,531040043;1,5966;;;;;;;;;;;
0;45;3;0,531040043;1,6932;;;;;;;;;;;
0;46;3;0,531040043;1,5992;;;;;;;;;;;
0;47;3;0,531040043;1,5961;;;;;;;;;;;
0;48;3;0,531040043;1,7660;;;;;;;;;;;
0;49;3;0,531040043;1,7674;;;;;;;;;;;
0;50;3;0,531040043;1,6202;;;;;;;;;;;
0;51;3;0,531040043;1,5903;;;;;;;;;;;
0;52;3;0,531040043;1,5990;;;;;;;;;;;
0;53;3;0,531040043;1,7945;;;;;;;;;;;
0;54;3;0,531040043;1,6488;;;;;;;;;;;
0;55;3;0,531040043;1,5962;;;;;;;;;;;
0;56;3;0,531040043;1,8080;;;;;;;;;;;
0;57;3;0,531040043;1,8737;;;;;;;;;;;
0;58;3;0,531040043;1,7197;;;;;;;;;;;
0;59;3;0,531040043;1,7284;;;;;;;;;;;
0;60;3;0,531040043;1,7824;;;;;;;;;;;
0;61;3;0,531040043;1,6571;;;;;;;;;;;
0;62;3;0,531040043;1,7858;;;;;;;;;;;
0;63;3;0,531040043;1,8024;;;;;;;;;;;
0;64;3;0,531040043;1,6845;;;;;;;;;;;
0;65;3;0,531040043;2,0475;;;;;;;;;;;
0;66;3;0,531040043;2,1899;;;;;;;;;;;
0;67;3;0,531040043;1,7420;;;;;;;;;;;
0;68;3;0,531040043;1,8589;;;;;;;;;;;
0;69;3;0,531040043;1,6180;;;;;;;;;;;
0;70;3;0,531040043;1,7709;;;;;;;;;;;
0;71;3;0,531040043;2,3787;;;;;;;;;;;
0;72;3;0,531040043;2,3099;;;;;;;;;;;
0;73;3;0,531040043;2,8607;;;;;;;;;;;
0;74;3;0,531040043;1,6122;;;;;;;;;;;
0;75;3;0,531040043;4,9025;;;;;;;;;;;
0;76;3;0,531040043;3,5095;;;;;;;;;;;
0;77;3;0,531040043;2,1157;;;;;;;;;;;
0;78;3;0,531040043;2,6100;;;;;;;;;;;
0;79;3;0,531040043;2,6764;;;;;;;;;;;
0;80;3;0,531040043;2,9315;;;;;;;;;;;
0;81;3;0,531040043;2,7763;;;;;;;;;;;
0;82;3;0,531040043;1,8204;;;;;;;;;;;
0;83;3;0,531040043;2,8925;;;;;;;;;;;
0;84;3;0,531040043;3,0802;;;;;;;;;;;
0;85;3;0,531040043;3,8019;;;;;;;;;;;
0;86;3;0,531040043;2,0853;;;;;;;;;;;
0;87;3;0,531040043;1,9953;;;;;;;;;;;
0;88;3;0,531040043;3,1136;;;;;;;;;;;
0;89;3;0,531040043;2,0111;;;;;;;;;;;
0;90;3;0,531040043;3,0099;;;;;;;;;;;
0;91;3;0,531040043;2,0155;;;;;;;;;;;
0;92;3;0,531040043;1,7443;;;;;;;;;;;
0;93;3;0,531040043;1,8705;;;;;;;;;;;
0;94;3;0,531040043;1,6869;;;;;;;;;;;
0;95;3;0,531040043;1,9952;;;;;;;;;;;
0;96;3;0,531040043;2,1079;;;;;;;;;;;
0;97;3;0,531040043;2,2425;;;;;;;;;;;
0;98;3;0,531040043;2,5323;;;;;;;;;;;
0;99;3;0,531040043;2,0680;;;;;;;;;;;
0;100;3;0,531040043;2,4934;;;;;;;;;;;
;;;;;;;;;;;;;;;
;;;;;;;;;;;;;;;
;;1;4,204;1,9240;;;;;;;;;;;
;;6;6;1,3584;;;;;;;;;;;