0;1;5;0,524835646;47,6501;;;;;;;;;GN;;louvain
0;2;5;0,524835646;17,8359;1;0,524835646;;1;16,62315015;;32,592511;;4,855812073;;0.1198568344116211
0;3;5;0,524835646;15,3817;;0,524835646;;;15,13105369;;15,57079177;;5,193212032;;0.13329100608825684
0;4;5;0,524835646;15,4881;;;;;;;;;4,940937042;;0.09015393257141113
0;5;5;0,524835646;15,3527;2;0,534726531;;2;17,04409115;;;;5,248100042;;0.10443902015686035
0;6;5;0,524835646;15,5621;;0,534726531;;;16,46656895;;;;4,826086044;;0.12598228454589844
0;7;5;0,524835646;15,3005;;;;;;;;;4,850939989;;0.11701011657714844
0;8;5;0,524835646;20,1198;3;0,259074191;;3;20,21609324;;0,589233224;;4,921802998;;0.10965204238891602
0;9;5;0,524835646;18,1147;;0,49866649;;;17,49497223;;;;4,908766031;;0.12542510032653809
0;10;5;0,524835646;16,5973;;;;;;;;;5,034227848;;0.10196518898010254
0;11;5;0,524835646;15,2615;4;0,509018724;;4;16,53981616;;;;5,031633854;;0.1081240177154541
0;12;5;0,524835646;17,3282;;0,509018724;;;14,70215774;;;;;;
0;13;5;0,524835646;15,6911;;;;;;;;;;;
0;14;5;0,524835646;20,6055;5;0,450416327;;5;15,86903504;;;;;;
0;15;5;0,524835646;15,9183;;0,450416327;;;15,33047724;;;;;;
0;16;5;0,524835646;19,4068;;;;;;;;;;;
0;17;5;0,524835646;15,6921;6;0,534049632;;6;15,85318396;;;;;;
0;18;5;0,524835646;15,2696;;0,534049632;;;15,05883217;;;;;;
0;19;5;0,524835646;18,0231;;;;;;;;;;;
0;20;5;0,524835646;33,0352;7;0,497044898;;7;166,7588433;;;;;;
0;21;5;0,524835646;20,2603;;0,497044898;;;15,46019673;;;;;;
0;22;5;0,524835646;17,8981;;;;;;;;;;;
0;23;5;0,524835646;20,3403;8;0,589233224;;8;19,25743462;;;;;;
0;24;5;0,524835646;17,9997;;0,589233224;;;15,74268985;;;;;;
0;25;5;0,524835646;21,7517;;;;;;;;;;;
0;26;5;0,524835646;18,5750;9;0,434838335;;9;19,0394166;;;;;;
0;27;5;0,524835646;19,8453;;0,498966942;;;15,40146995;;;;;;
0;28;5;0,524835646;16,2472;;;;;;;;;;;
0;29;5;0,524835646;21,8652;10;0,471916152;;10;18,72404577;;;;;;
0;30;5;0,524835646;19,4789;;0,471916152;;;14,91949916;;;;;;
0;31;5;0,524835646;21,4627;;;;;;;;;;;
0;32;5;0,524835646;19,8660;;;;;;;;;;;
0;33;5;0,524835646;15,4696;;;;;;;;;;;
0;34;5;0,524835646;15,1603;;;;;;;;;;;
0;35;5;0,524835646;15,3579;;;;;;;;;;;
0;36;5;0,524835646;15,2657;;;;;;;;;;;
0;37;5;0,524835646;15,8468;;;;;;;;;;;
0;38;5;0,524835646;15,2123;;;;;;;;;;;
0;39;5;0,524835646;15,3481;;;;;;;;;;;
0;40;5;0,524835646;15,4141;;;;;;;;;;;
0;41;5;0,524835646;15,3318;;;;;;;;;;;
0;42;5;0,524835646;15,2537;;;;;;;;;;;
0;43;5;0,524835646;15,1311;;;;;;;;;;;
0;44;5;0,524835646;15,2242;;;;;;;;;;;
0;45;5;0,524835646;15,1964;;;;;;;;;;;
0;46;5;0,524835646;15,2889;;;;;;;;;;;
0;47;5;0,524835646;15,2312;;;;;;;;;;;
0;48;5;0,524835646;15,3170;;;;;;;;;;;
0;49;5;0,524835646;15,1744;;;;;;;;;;;
0;50;5;0,524835646;15,5998;;;;;;;;;;;
0;51;5;0,524835646;15,2651;;;;;;;;;;;
0;52;5;0,524835646;15,3883;;;;;;;;;;;
0;53;5;0,524835646;15,2391;;;;;;;;;;;
0;54;5;0,524835646;15,2284;;;;;;;;;;;
0;55;5;0,524835646;15,2532;;;;;;;;;;;
0;56;5;0,524835646;15,2138;;;;;;;;;;;
0;57;5;0,524835646;15,3305;;;;;;;;;;;
0;58;5;0,524835646;15,2535;;;;;;;;;;;
0;59;5;0,524835646;15,3418;;;;;;;;;;;
0;60;5;0,524835646;15,5381;;;;;;;;;;;
0;61;5;0,524835646;15,3471;;;;;;;;;;;
0;62;5;0,524835646;15,2621;;;;;;;;;;;
0;63;5;0,524835646;15,2253;;;;;;;;;;;
0;64;5;0,524835646;15,1982;;;;;;;;;;;
0;65;5;0,524835646;15,2565;;;;;;;;;;;
0;66;5;0,524835646;15,2505;;;;;;;;;;;
0;67;5;0,524835646;15,2534;;;;;;;;;;;
0;68;5;0,524835646;15,2559;;;;;;;;;;;
0;69;5;0,524835646;15,1627;;;;;;;;;;;
0;70;5;0,524835646;15,2636;;;;;;;;;;;
0;71;5;0,524835646;15,2758;;;;;;;;;;;
0;72;5;0,524835646;15,1825;;;;;;;;;;;
0;73;5;0,524835646;15,2239;;;;;;;;;;;
0;74;5;0,524835646;15,3111;;;;;;;;;;;
0;75;5;0,524835646;15,2461;;;;;;;;;;;
0;76;5;0,524835646;15,1493;;;;;;;;;;;
0;77;5;0,524835646;15,2717;;;;;;;;;;;
0;78;5;0,524835646;15,3397;;;;;;;;;;;
0;79;5;0,524835646;15,2531;;;;;;;;;;;
0;80;5;0,524835646;15,2461;;;;;;;;;;;
0;81;5;0,524835646;15,2317;;;;;;;;;;;
0;82;5;0,524835646;15,3475;;;;;;;;;;;
0;83;5;0,524835646;15,3102;;;;;;;;;;;
0;84;5;0,524835646;15,1885;;;;;;;;;;;
0;85;5;0,524835646;15,2087;;;;;;;;;;;
0;86;5;0,524835646;15,1948;;;;;;;;;;;
0;87;5;0,524835646;15,1864;;;;;;;;;;;
0;88;5;0,524835646;15,3436;;;;;;;;;;;
0;89;5;0,524835646;15,2959;;;;;;;;;;;
0;90;5;0,524835646;15,3945;;;;;;;;;;;
0;91;5;0,524835646;15,3820;;;;;;;;;;;
0;92;5;0,524835646;15,2707;;;;;;;;;;;
0;93;5;0,524835646;15,2194;;;;;;;;;;;
0;94;5;0,524835646;19,0729;;;;;;;;;;;
0;95;5;0,524835646;15,2082;;;;;;;;;;;
0;96;5;0,524835646;15,2416;;;;;;;;;;;
0;97;5;0,524835646;15,1863;;;;;;;;;;;
0;98;5;0,524835646;15,5165;;;;;;;;;;;
0;99;5;0,524835646;15,3050;;;;;;;;;;;
0;100;5;0,524835646;15,1363;;;;;;;;;;;
0;1;8;0,534726531;41,8468;;;;;;;;;;;
0;2;8;0,534726531;16,8247;;;;;;;;;;;
0;3;8;0,534726531;16,4666;;;;;;;;;;;
0;4;8;0,534726531;16,9025;;;;;;;;;;;
0;5;8;0,534726531;16,7637;;;;;;;;;;;
0;6;8;0,534726531;16,6990;;;;;;;;;;;
0;7;8;0,534726531;16,6783;;;;;;;;;;;
0;8;8;0,534726531;16,6866;;;;;;;;;;;
0;9;8;0,534726531;16,6724;;;;;;;;;;;
0;10;8;0,534726531;16,6617;;;;;;;;;;;
0;11;8;0,534726531;16,5089;;;;;;;;;;;
0;12;8;0,534726531;16,6701;;;;;;;;;;;
0;13;8;0,534726531;16,6910;;;;;;;;;;;
0;14;8;0,534726531;17,2032;;;;;;;;;;;
0;15;8;0,534726531;16,8943;;;;;;;;;;;
0;16;8;0,534726531;17,1626;;;;;;;;;;;
0;17;8;0,534726531;16,7894;;;;;;;;;;;
0;18;8;0,534726531;16,8545;;;;;;;;;;;
0;19;8;0,534726531;16,7242;;;;;;;;;;;
0;20;8;0,534726531;17,0423;;;;;;;;;;;
0;21;8;0,534726531;16,8017;;;;;;;;;;;
0;22;8;0,534726531;16,8298;;;;;;;;;;;
0;23;8;0,534726531;16,9990;;;;;;;;;;;
0;24;8;0,534726531;16,7865;;;;;;;;;;;
0;25;8;0,534726531;16,7789;;;;;;;;;;;
0;26;8;0,534726531;16,8792;;;;;;;;;;;
0;27;8;0,534726531;16,9172;;;;;;;;;;;
0;28;8;0,534726531;16,6427;;;;;;;;;;;
0;29;8;0,534726531;16,8700;;;;;;;;;;;
0;30;8;0,534726531;16,6484;;;;;;;;;;;
0;31;8;0,534726531;16,8118;;;;;;;;;;;
0;32;8;0,534726531;16,9125;;;;;;;;;;;
0;33;8;0,534726531;16,9737;;;;;;;;;;;
0;34;8;0,534726531;16,8467;;;;;;;;;;;
0;35;8;0,534726531;17,0954;;;;;;;;;;;
0;36;8;0,534726531;17,3915;;;;;;;;;;;
0;37;8;0,534726531;16,7081;;;;;;;;;;;
0;38;8;0,534726531;16,6958;;;;;;;;;;;
0;39;8;0,534726531;16,6219;;;;;;;;;;;
0;40;8;0,534726531;16,7665;;;;;;;;;;;
0;41;8;0,534726531;17,1487;;;;;;;;;;;
0;42;8;0,534726531;16,8443;;;;;;;;;;;
0;43;8;0,534726531;16,7863;;;;;;;;;;;
0;44;8;0,534726531;16,6882;;;;;;;;;;;
0;45;8;0,534726531;17,0281;;;;;;;;;;;
0;46;8;0,534726531;16,6560;;;;;;;;;;;
0;47;8;0,534726531;16,6378;;;;;;;;;;;
0;48;8;0,534726531;16,8254;;;;;;;;;;;
0;49;8;0,534726531;16,5825;;;;;;;;;;;
0;50;8;0,534726531;16,7838;;;;;;;;;;;
0;51;8;0,534726531;16,7048;;;;;;;;;;;
0;52;8;0,534726531;17,2147;;;;;;;;;;;
0;53;8;0,534726531;16,8041;;;;;;;;;;;
0;54;8;0,534726531;16,7918;;;;;;;;;;;
0;55;8;0,534726531;17,0315;;;;;;;;;;;
0;56;8;0,534726531;16,8872;;;;;;;;;;;
0;57;8;0,534726531;17,2235;;;;;;;;;;;
0;58;8;0,534726531;16,7356;;;;;;;;;;;
0;59;8;0,534726531;16,7472;;;;;;;;;;;
0;60;8;0,534726531;16,7015;;;;;;;;;;;
0;61;8;0,534726531;16,7534;;;;;;;;;;;
0;62;8;0,534726531;16,6021;;;;;;;;;;;
0;63;8;0,534726531;16,5721;;;;;;;;;;;
0;64;8;0,534726531;16,7208;;;;;;;;;;;
0;65;8;0,534726531;16,6062;;;;;;;;;;;
0;66;8;0,534726531;16,6226;;;;;;;;;;;
0;67;8;0,534726531;16,8009;;;;;;;;;;;
0;68;8;0,534726531;16,6087;;;;;;;;;;;
0;69;8;0,534726531;16,6998;;;;;;;;;;;
0;70;8;0,534726531;16,7845;;;;;;;;;;;
0;71;8;0,534726531;17,0175;;;;;;;;;;;
0;72;8;0,534726531;16,6659;;;;;;;;;;;
0;73;8;0,534726531;16,7452;;;;;;;;;;;
0;74;8;0,534726531;16,8389;;;;;;;;;;;
0;75;8;0,534726531;18,0510;;;;;;;;;;;
0;76;8;0,534726531;17,2150;;;;;;;;;;;
0;77;8;0,534726531;16,7288;;;;;;;;;;;
0;78;8;0,534726531;16,5819;;;;;;;;;;;
0;79;8;0,534726531;16,9037;;;;;;;;;;;
0;80;8;0,534726531;16,6665;;;;;;;;;;;
0;81;8;0,534726531;16,6915;;;;;;;;;;;
0;82;8;0,534726531;16,6418;;;;;;;;;;;
0;83;8;0,534726531;16,6267;;;;;;;;;;;
0;84;8;0,534726531;16,5270;;;;;;;;;;;
0;85;8;0,534726531;16,6136;;;;;;;;;;;
0;86;8;0,534726531;16,5641;;;;;;;;;;;
0;87;8;0,534726531;16,7180;;;;;;;;;;;
0;88;8;0,534726531;16,7861;;;;;;;;;;;
0;89;8;0,534726531;16,7267;;;;;;;;;;;
0;90;8;0,534726531;16,7079;;;;;;;;;;;
0;91;8;0,534726531;16,7282;;;;;;;;;;;
0;92;8;0,534726531;16,7038;;;;;;;;;;;
0;93;8;0,534726531;16,6342;;;;;;;;;;;
0;94;8;0,534726531;16,5080;;;;;;;;;;;
0;95;8;0,534726531;17,2370;;;;;;;;;;;
0;96;8;0,534726531;16,6650;;;;;;;;;;;
0;97;8;0,534726531;16,7002;;;;;;;;;;;
0;98;8;0,534726531;16,5772;;;;;;;;;;;
0;99;8;0,534726531;16,6085;;;;;;;;;;;
0;100;8;0,534726531;16,7151;;;;;;;;;;;
0;1;3;0,49866649;37,5579;;;;;;;;;;;
0;2;2;0;20,9997;;;;;;;;;;;
0;3;1;0;19,7677;;;;;;;;;;;
0;4;3;0,042317031;22,8196;;;;;;;;;;;
0;5;5;0,462862275;39,3795;;;;;;;;;;;
0;6;2;0;22,9455;;;;;;;;;;;
0;7;1;0;22,2319;;;;;;;;;;;
0;8;1;0;19,8538;;;;;;;;;;;
0;9;2;0,003683229;24,9830;;;;;;;;;;;
0;10;1;0;27,9770;;;;;;;;;;;
0;11;2;0,010928632;33,1130;;;;;;;;;;;
0;12;4;0,281217181;21,7335;;;;;;;;;;;
0;13;4;0,281217181;18,5953;;;;;;;;;;;
0;14;4;0,281217181;23,9939;;;;;;;;;;;
0;15;4;0,281217181;19,7974;;;;;;;;;;;
0;16;4;0,281217181;19,0483;;;;;;;;;;;
0;17;4;0,281217181;19,0975;;;;;;;;;;;
0;18;4;0,281217181;19,5017;;;;;;;;;;;
0;19;4;0,281217181;18,0883;;;;;;;;;;;
0;20;4;0,281217181;19,8292;;;;;;;;;;;
0;21;4;0,281217181;18,5053;;;;;;;;;;;
0;22;4;0,281217181;24,6437;;;;;;;;;;;
0;23;4;0,280337291;18,6021;;;;;;;;;;;
0;24;4;0,280337291;18,3473;;;;;;;;;;;
0;25;4;0,280337291;18,9025;;;;;;;;;;;
0;26;4;0,280337291;18,2487;;;;;;;;;;;
0;27;4;0,280337291;19,4190;;;;;;;;;;;
0;28;4;0,280337291;19,8557;;;;;;;;;;;
0;29;4;0,280337291;17,7096;;;;;;;;;;;
0;30;4;0,280337291;20,3029;;;;;;;;;;;
0;31;4;0,280337291;17,8065;;;;;;;;;;;
0;32;4;0,280337291;22,3860;;;;;;;;;;;
0;33;4;0,280337291;19,9375;;;;;;;;;;;
0;34;4;0,279462761;20,1956;;;;;;;;;;;
0;35;4;0,279462761;21,7708;;;;;;;;;;;
0;36;4;0,279462761;18,8287;;;;;;;;;;;
0;37;4;0,279462761;18,5899;;;;;;;;;;;
0;38;4;0,279462761;20,1308;;;;;;;;;;;
0;39;4;0,279462761;21,7153;;;;;;;;;;;
0;40;4;0,279462761;17,8151;;;;;;;;;;;
0;41;4;0,279462761;17,8589;;;;;;;;;;;
0;42;4;0,279462761;19,7764;;;;;;;;;;;
0;43;4;0,279462761;22,8158;;;;;;;;;;;
0;44;4;0,279462761;17,8854;;;;;;;;;;;
0;45;4;0,279462761;21,0149;;;;;;;;;;;
0;46;4;0,279462761;24,4017;;;;;;;;;;;
0;47;4;0,279462761;23,3961;;;;;;;;;;;
0;48;4;0,279462761;21,6600;;;;;;;;;;;
0;49;4;0,279462761;22,7215;;;;;;;;;;;
0;50;4;0,279462761;17,9213;;;;;;;;;;;
0;51;4;0,279462761;30,1487;;;;;;;;;;;
0;52;4;0,279462761;18,9975;;;;;;;;;;;
0;53;4;0,279462761;20,1663;;;;;;;;;;;
0;54;4;0,279462761;19,6224;;;;;;;;;;;
0;55;4;0,279462761;18,6794;;;;;;;;;;;
0;56;4;0,279462761;18,4707;;;;;;;;;;;
0;57;4;0,279462761;18,3113;;;;;;;;;;;
0;58;4;0,279462761;18,5872;;;;;;;;;;;
0;59;4;0,279462761;18,7348;;;;;;;;;;;
0;60;4;0,279462761;18,6898;;;;;;;;;;;
0;61;4;0,279462761;18,2128;;;;;;;;;;;
0;62;4;0,279462761;18,1295;;;;;;;;;;;
0;63;4;0,279462761;19,5661;;;;;;;;;;;
0;64;4;0,279462761;18,6647;;;;;;;;;;;
0;65;4;0,279462761;18,4059;;;;;;;;;;;
0;66;4;0,279462761;17,9745;;;;;;;;;;;
0;67;4;0,279462761;19,0062;;;;;;;;;;;
0;68;4;0,279462761;18,4595;;;;;;;;;;;
0;69;4;0,279462761;18,3176;;;;;;;;;;;
0;70;4;0,279462761;18,2751;;;;;;;;;;;
0;71;4;0,279462761;18,2452;;;;;;;;;;;
0;72;4;0,279462761;18,5128;;;;;;;;;;;
0;73;4;0,279462761;17,7262;;;;;;;;;;;
0;74;4;0,279462761;17,4950;;;;;;;;;;;
0;75;4;0,279462761;17,6789;;;;;;;;;;;
0;76;4;0,279462761;17,6470;;;;;;;;;;;
0;77;4;0,279462761;19,2438;;;;;;;;;;;
0;78;4;0,279462761;30,0022;;;;;;;;;;;
0;79;4;0,279462761;23,5134;;;;;;;;;;;
0;80;4;0,279462761;18,2552;;;;;;;;;;;
0;81;4;0,279462761;18,8095;;;;;;;;;;;
0;82;4;0,279462761;18,1724;;;;;;;;;;;
0;83;4;0,279462761;19,7333;;;;;;;;;;;
0;84;4;0,279462761;17,9539;;;;;;;;;;;
0;85;4;0,279462761;18,2201;;;;;;;;;;;
0;86;4;0,279462761;18,3248;;;;;;;;;;;
0;87;4;0,279462761;17,9526;;;;;;;;;;;
0;88;4;0,279462761;17,9598;;;;;;;;;;;
0;89;4;0,279462761;18,0588;;;;;;;;;;;
0;90;4;0,279462761;18,0389;;;;;;;;;;;
0;91;4;0,279462761;17,9905;;;;;;;;;;;
0;92;4;0,278593543;18,2119;;;;;;;;;;;
0;93;4;0,278593543;17,6438;;;;;;;;;;;
0;94;4;0,278593543;18,0413;;;;;;;;;;;
0;95;4;0,278593543;18,2233;;;;;;;;;;;
0;96;4;0,277729592;18,3276;;;;;;;;;;;
0;97;4;0,277729592;17,9022;;;;;;;;;;;
0;98;4;0,277729592;17,9708;;;;;;;;;;;
0;99;4;0,277729592;18,0119;;;;;;;;;;;
0;100;4;0,277729592;17,8435;;;;;;;;;;;
0;1;4;0,509018724;97,9419;;;;;;;;;;;
0;2;4;0,509018724;29,7562;;;;;;;;;;;
0;3;4;0,509018724;21,6838;;;;;;;;;;;
0;4;4;0,509018724;20,7539;;;;;;;;;;;
0;5;4;0,509018724;18,3398;;;;;;;;;;;
0;6;4;0,509018724;17,1489;;;;;;;;;;;
0;7;4;0,509018724;17,5180;;;;;;;;;;;
0;8;4;0,509018724;17,2275;;;;;;;;;;;
0;9;4;0,509018724;16,7153;;;;;;;;;;;
0;10;4;0,509018724;17,3379;;;;;;;;;;;
0;11;4;0,509018724;17,2195;;;;;;;;;;;
0;12;4;0,509018724;16,9088;;;;;;;;;;;
0;13;4;0,509018724;16,8303;;;;;;;;;;;
0;14;4;0,509018724;17,9794;;;;;;;;;;;
0;15;4;0,509018724;16,6763;;;;;;;;;;;
0;16;4;0,509018724;16,7707;;;;;;;;;;;
0;17;4;0,509018724;16,8765;;;;;;;;;;;
0;18;4;0,509018724;17,2531;;;;;;;;;;;
0;19;4;0,509018724;17,4090;;;;;;;;;;;
0;20;4;0,509018724;17,0978;;;;;;;;;;;
0;21;4;0,509018724;17,4198;;;;;;;;;;;
0;22;4;0,509018724;16,8630;;;;;;;;;;;
0;23;4;0,509018724;17,5538;;;;;;;;;;;
0;24;4;0,509018724;16,4737;;;;;;;;;;;
0;25;4;0,509018724;16,7164;;;;;;;;;;;
0;26;4;0,509018724;16,4834;;;;;;;;;;;
0;27;4;0,509018724;16,6756;;;;;;;;;;;
0;28;4;0,509018724;16,7688;;;;;;;;;;;
0;29;4;0,509018724;14,9732;;;;;;;;;;;
0;30;4;0,509018724;15,0035;;;;;;;;;;;
0;31;4;0,509018724;14,7997;;;;;;;;;;;
0;32;4;0,509018724;14,8089;;;;;;;;;;;
0;33;4;0,509018724;14,8913;;;;;;;;;;;
0;34;4;0,509018724;14,9398;;;;;;;;;;;
0;35;4;0,509018724;14,8189;;;;;;;;;;;
0;36;4;0,509018724;14,8844;;;;;;;;;;;
0;37;4;0,509018724;14,7022;;;;;;;;;;;
0;38;4;0,509018724;14,7409;;;;;;;;;;;
0;39;4;0,509018724;14,9227;;;;;;;;;;;
0;40;4;0,509018724;14,7735;;;;;;;;;;;
0;41;4;0,509018724;14,7140;;;;;;;;;;;
0;42;4;0,509018724;14,7765;;;;;;;;;;;
0;43;4;0,509018724;14,9606;;;;;;;;;;;
0;44;4;0,509018724;14,9396;;;;;;;;;;;
0;45;4;0,509018724;14,9189;;;;;;;;;;;
0;46;4;0,509018724;14,8437;;;;;;;;;;;
0;47;4;0,509018724;14,9009;;;;;;;;;;;
0;48;4;0,509018724;15,0212;;;;;;;;;;;
0;49;4;0,509018724;14,8971;;;;;;;;;;;
0;50;4;0,509018724;14,7971;;;;;;;;;;;
0;51;4;0,509018724;14,9082;;;;;;;;;;;
0;52;4;0,509018724;14,8896;;;;;;;;;;;
0;53;4;0,509018724;14,9369;;;;;;;;;;;
0;54;4;0,509018724;14,8106;;;;;;;;;;;
0;55;4;0,509018724;14,9085;;;;;;;;;;;
0;56;4;0,509018724;15,0281;;;;;;;;;;;
0;57;4;0,509018724;14,7251;;;;;;;;;;;
0;58;4;0,509018724;14,8186;;;;;;;;;;;
0;59;4;0,509018724;14,9144;;;;;;;;;;;
0;60;4;0,509018724;14,9786;;;;;;;;;;;
0;61;4;0,509018724;15,0127;;;;;;;;;;;
0;62;4;0,509018724;14,8306;;;;;;;;;;;
0;63;4;0,509018724;14,9343;;;;;;;;;;;
0;64;4;0,509018724;14,7179;;;;;;;;;;;
0;65;4;0,509018724;14,7295;;;;;;;;;;;
0;66;4;0,509018724;14,9569;;;;;;;;;;;
0;67;4;0,509018724;15,0073;;;;;;;;;;;
0;68;4;0,509018724;14,9002;;;;;;;;;;;
0;69;4;0,509018724;14,8510;;;;;;;;;;;
0;70;4;0,509018724;14,8682;;;;;;;;;;;
0;71;4;0,509018724;14,8244;;;;;;;;;;;
0;72;4;0,509018724;14,8409;;;;;;;;;;;
0;73;4;0,509018724;14,8940;;;;;;;;;;;
0;74;4;0,509018724;14,9631;;;;;;;;;;;
0;75;4;0,509018724;14,8812;;;;;;;;;;;
0;76;4;0,509018724;15,0275;;;;;;;;;;;
0;77;4;0,509018724;14,9141;;;;;;;;;;;
0;78;4;0,509018724;14,9453;;;;;;;;;;;
0;79;4;0,509018724;14,8560;;;;;;;;;;;
0;80;4;0,509018724;15,3026;;;;;;;;;;;
0;81;4;0,509018724;15,1769;;;;;;;;;;;
0;82;4;0,509018724;14,7918;;;;;;;;;;;
0;83;4;0,509018724;14,9424;;;;;;;;;;;
0;84;4;0,509018724;14,8935;;;;;;;;;;;
0;85;4;0,509018724;14,8752;;;;;;;;;;;
0;86;4;0,509018724;14,8641;;;;;;;;;;;
0;87;4;0,509018724;14,9314;;;;;;;;;;;
0;88;4;0,509018724;14,9710;;;;;;;;;;;
0;89;4;0,509018724;16,6391;;;;;;;;;;;
0;90;4;0,509018724;14,7701;;;;;;;;;;;
0;91;4;0,509018724;14,8171;;;;;;;;;;;
0;92;4;0,509018724;14,8110;;;;;;;;;;;
0;93;4;0,509018724;14,7964;;;;;;;;;;;
0;94;4;0,509018724;14,7871;;;;;;;;;;;
0;95;4;0,509018724;14,8063;;;;;;;;;;;
0;96;4;0,509018724;14,9527;;;;;;;;;;;
0;97;4;0,509018724;15,0033;;;;;;;;;;;
0;98;4;0,509018724;14,8541;;;;;;;;;;;
0;99;4;0,509018724;14,8353;;;;;;;;;;;
0;100;4;0,509018724;14,8589;;;;;;;;;;;
0;1;4;0,450416327;44,5526;;;;;;;;;;;
0;2;4;0,450416327;15,5311;;;;;;;;;;;
0;3;4;0,450416327;16,2293;;;;;;;;;;;
0;4;4;0,450416327;15,5584;;;;;;;;;;;
0;5;4;0,450416327;15,6131;;;;;;;;;;;
0;6;4;0,450416327;15,5312;;;;;;;;;;;
0;7;4;0,450416327;15,6594;;;;;;;;;;;
0;8;4;0,450416327;15,5365;;;;;;;;;;;
0;9;4;0,450416327;15,4446;;;;;;;;;;;
0;10;4;0,450416327;15,6063;;;;;;;;;;;
0;11;4;0,450416327;15,5235;;;;;;;;;;;
0;12;4;0,450416327;15,5105;;;;;;;;;;;
0;13;4;0,450416327;15,5404;;;;;;;;;;;
0;14;4;0,450416327;15,3612;;;;;;;;;;;
0;15;4;0,450416327;15,5538;;;;;;;;;;;
0;16;4;0,450416327;15,4524;;;;;;;;;;;
0;17;4;0,450416327;15,5243;;;;;;;;;;;
0;18;4;0,450416327;15,5710;;;;;;;;;;;
0;19;4;0,450416327;15,6250;;;;;;;;;;;
0;20;4;0,450416327;15,6613;;;;;;;;;;;
0;21;4;0,450416327;15,7228;;;;;;;;;;;
0;22;4;0,450416327;15,6440;;;;;;;;;;;
0;23;4;0,450416327;15,5171;;;;;;;;;;;
0;24;4;0,450416327;15,4029;;;;;;;;;;;
0;25;4;0,450416327;15,4382;;;;;;;;;;;
0;26;4;0,450416327;15,5152;;;;;;;;;;;
0;27;4;0,450416327;15,4617;;;;;;;;;;;
0;28;4;0,450416327;15,5078;;;;;;;;;;;
0;29;4;0,450416327;15,4392;;;;;;;;;;;
0;30;4;0,450416327;18,1998;;;;;;;;;;;
0;31;4;0,450416327;15,4566;;;;;;;;;;;
0;32;4;0,450416327;15,5433;;;;;;;;;;;
0;33;4;0,450416327;15,6079;;;;;;;;;;;
0;34;4;0,450416327;15,4533;;;;;;;;;;;
0;35;4;0,450416327;15,3880;;;;;;;;;;;
0;36;4;0,450416327;15,4890;;;;;;;;;;;
0;37;4;0,450416327;15,5195;;;;;;;;;;;
0;38;4;0,450416327;15,3949;;;;;;;;;;;
0;39;4;0,450416327;15,3971;;;;;;;;;;;
0;40;4;0,450416327;15,4094;;;;;;;;;;;
0;41;4;0,450416327;15,4665;;;;;;;;;;;
0;42;4;0,450416327;15,6238;;;;;;;;;;;
0;43;4;0,450416327;16,0960;;;;;;;;;;;
0;44;4;0,450416327;15,7269;;;;;;;;;;;
0;45;4;0,450416327;15,5243;;;;;;;;;;;
0;46;4;0,450416327;15,3305;;;;;;;;;;;
0;47;4;0,450416327;15,7978;;;;;;;;;;;
0;48;4;0,450416327;15,5013;;;;;;;;;;;
0;49;4;0,450416327;15,6531;;;;;;;;;;;
0;50;4;0,450416327;15,6601;;;;;;;;;;;
0;51;4;0,450416327;15,5354;;;;;;;;;;;
0;52;4;0,450416327;15,4557;;;;;;;;;;;
0;53;4;0,450416327;15,4921;;;;;;;;;;;
0;54;4;0,450416327;15,3974;;;;;;;;;;;
0;55;4;0,450416327;15,5124;;;;;;;;;;;
0;56;4;0,450416327;15,4940;;;;;;;;;;;
0;57;4;0,450416327;15,6026;;;;;;;;;;;
0;58;4;0,450416327;15,4908;;;;;;;;;;;
0;59;4;0,450416327;15,4462;;;;;;;;;;;
0;60;4;0,450416327;15,5019;;;;;;;;;;;
0;61;4;0,450416327;15,9620;;;;;;;;;;;
0;62;4;0,450416327;15,4892;;;;;;;;;;;
0;63;4;0,450416327;15,4858;;;;;;;;;;;
0;64;4;0,450416327;15,5773;;;;;;;;;;;
0;65;4;0,450416327;16,3233;;;;;;;;;;;
0;66;4;0,450416327;15,7307;;;;;;;;;;;
0;67;4;0,450416327;15,4963;;;;;;;;;;;
0;68;4;0,450416327;15,6645;;;;;;;;;;;
0;69;4;0,450416327;15,5478;;;;;;;;;;;
0;70;4;0,450416327;15,5565;;;;;;;;;;;
0;71;4;0,450416327;15,5342;;;;;;;;;;;
0;72;4;0,450416327;15,5415;;;;;;;;;;;
0;73;4;0,450416327;15,4892;;;;;;;;;;;
0;74;4;0,450416327;15,5301;;;;;;;;;;;
0;75;4;0,450416327;15,4692;;;;;;;;;;;
0;76;4;0,450416327;15,4279;;;;;;;;;;;
0;77;4;0,450416327;15,9085;;;;;;;;;;;
0;78;4;0,450416327;15,5322;;;;;;;;;;;
0;79;4;0,450416327;15,4964;;;;;;;;;;;
0;80;4;0,450416327;15,5959;;;;;;;;;;;
0;81;4;0,450416327;15,5165;;;;;;;;;;;
0;82;4;0,450416327;15,5309;;;;;;;;;;;
0;83;4;0,450416327;15,5224;;;;;;;;;;;
0;84;4;0,450416327;15,5957;;;;;;;;;;;
0;85;4;0,450416327;15,6785;;;;;;;;;;;
0;86;4;0,450416327;15,7773;;;;;;;;;;;
0;87;4;0,450416327;15,3705;;;;;;;;;;;
0;88;4;0,450416327;15,5259;;;;;;;;;;;
0;89;4;0,450416327;15,3588;;;;;;;;;;;
0;90;4;0,450416327;15,5378;;;;;;;;;;;
0;91;4;0,450416327;15,3477;;;;;;;;;;;
0;92;4;0,450416327;15,3808;;;;;;;;;;;
0;93;4;0,450416327;15,4298;;;;;;;;;;;
0;94;4;0,450416327;15,5774;;;;;;;;;;;
0;95;4;0,450416327;15,4651;;;;;;;;;;;
0;96;4;0,450416327;15,5612;;;;;;;;;;;
0;97;4;0,450416327;15,5358;;;;;;;;;;;
0;98;4;0,450416327;15,4743;;;;;;;;;;;
0;99;4;0,450416327;15,4624;;;;;;;;;;;
0;100;4;0,450416327;15,4935;;;;;;;;;;;
0;1;3;0,534049632;54,6488;;;;;;;;;;;
0;2;3;0,534049632;15,1875;;;;;;;;;;;
0;3;3;0,534049632;15,2968;;;;;;;;;;;
0;4;3;0,534049632;15,3036;;;;;;;;;;;
0;5;3;0,534049632;15,2770;;;;;;;;;;;
0;6;3;0,534049632;15,1287;;;;;;;;;;;
0;7;3;0,534049632;15,2365;;;;;;;;;;;
0;8;3;0,534049632;15,2913;;;;;;;;;;;
0;9;3;0,534049632;15,2824;;;;;;;;;;;
0;10;3;0,534049632;15,3782;;;;;;;;;;;
0;11;3;0,534049632;15,2037;;;;;;;;;;;
0;12;3;0,534049632;15,1024;;;;;;;;;;;
0;13;3;0,534049632;15,2673;;;;;;;;;;;
0;14;3;0,534049632;15,2571;;;;;;;;;;;
0;15;3;0,534049632;15,2351;;;;;;;;;;;
0;16;3;0,534049632;15,2609;;;;;;;;;;;
0;17;3;0,534049632;15,1944;;;;;;;;;;;
0;18;3;0,534049632;15,5000;;;;;;;;;;;
0;19;3;0,534049632;15,4538;;;;;;;;;;;
0;20;3;0,534049632;15,1986;;;;;;;;;;;
0;21;3;0,534049632;15,1518;;;;;;;;;;;
0;22;3;0,534049632;15,1400;;;;;;;;;;;
0;23;3;0,534049632;15,3295;;;;;;;;;;;
0;24;3;0,534049632;15,1859;;;;;;;;;;;
0;25;3;0,534049632;15,1673;;;;;;;;;;;
0;26;3;0,534049632;15,5921;;;;;;;;;;;
0;27;3;0,534049632;15,2273;;;;;;;;;;;
0;28;3;0,534049632;15,3442;;;;;;;;;;;
0;29;3;0,534049632;15,4075;;;;;;;;;;;
0;30;3;0,534049632;15,1837;;;;;;;;;;;
0;31;3;0,534049632;15,1850;;;;;;;;;;;
0;32;3;0,534049632;15,2490;;;;;;;;;;;
0;33;3;0,534049632;15,2627;;;;;;;;;;;
0;34;3;0,534049632;15,2880;;;;;;;;;;;
0;35;3;0,534049632;15,1957;;;;;;;;;;;
0;36;3;0,534049632;15,0588;;;;;;;;;;;
0;37;3;0,534049632;15,3396;;;;;;;;;;;
0;38;3;0,534049632;15,2067;;;;;;;;;;;
0;39;3;0,534049632;15,2031;;;;;;;;;;;
0;40;3;0,534049632;15,3226;;;;;;;;;;;
0;41;3;0,534049632;16,1976;;;;;;;;;;;
0;42;3;0,534049632;15,3173;;;;;;;;;;;
0;43;3;0,534049632;15,2336;;;;;;;;;;;
0;44;3;0,534049632;15,7858;;;;;;;;;;;
0;45;3;0,534049632;16,0781;;;;;;;;;;;
0;46;3;0,534049632;15,4132;;;;;;;;;;;
0;47;3;0,534049632;15,4368;;;;;;;;;;;
0;48;3;0,534049632;15,4320;;;;;;;;;;;
0;49;3;0,534049632;15,5543;;;;;;;;;;;
0;50;3;0,534049632;15,6258;;;;;;;;;;;
0;51;3;0,534049632;15,3366;;;;;;;;;;;
0;52;3;0,534049632;15,4542;;;;;;;;;;;
0;53;3;0,534049632;15,6418;;;;;;;;;;;
0;54;3;0,534049632;15,2065;;;;;;;;;;;
0;55;3;0,534049632;15,2990;;;;;;;;;;;
0;56;3;0,534049632;15,2332;;;;;;;;;;;
0;57;3;0,534049632;15,3696;;;;;;;;;;;
0;58;3;0,534049632;15,4043;;;;;;;;;;;
0;59;3;0,534049632;15,2186;;;;;;;;;;;
0;60;3;0,534049632;15,1727;;;;;;;;;;;
0;61;3;0,534049632;15,2151;;;;;;;;;;;
0;62;3;0,534049632;15,5117;;;;;;;;;;;
0;63;3;0,534049632;15,4527;;;;;;;;;;;
0;64;3;0,534049632;15,1822;;;;;;;;;;;
0;65;3;0,534049632;15,2781;;;;;;;;;;;
0;66;3;0,534049632;15,1662;;;;;;;;;;;
0;67;3;0,534049632;15,1781;;;;;;;;;;;
0;68;3;0,534049632;15,1599;;;;;;;;;;;
0;69;3;0,534049632;15,2277;;;;;;;;;;;
0;70;3;0,534049632;15,2438;;;;;;;;;;;
0;71;3;0,534049632;15,2480;;;;;;;;;;;
0;72;3;0,534049632;15,2804;;;;;;;;;;;
0;73;3;0,534049632;15,1847;;;;;;;;;;;
0;74;3;0,534049632;15,1124;;;;;;;;;;;
0;75;3;0,534049632;16,5576;;;;;;;;;;;
0;76;3;0,534049632;16,0873;;;;;;;;;;;
0;77;3;0,534049632;15,6085;;;;;;;;;;;
0;78;3;0,534049632;15,6234;;;;;;;;;;;
0;79;3;0,534049632;15,6757;;;;;;;;;;;
0;80;3;0,534049632;15,6657;;;;;;;;;;;
0;81;3;0,534049632;15,6155;;;;;;;;;;;
0;82;3;0,534049632;15,7526;;;;;;;;;;;
0;83;3;0,534049632;15,7793;;;;;;;;;;;
0;84;3;0,534049632;16,0331;;;;;;;;;;;
0;85;3;0,534049632;15,6053;;;;;;;;;;;
0;86;3;0,534049632;15,7130;;;;;;;;;;;
0;87;3;0,534049632;15,6082;;;;;;;;;;;
0;88;3;0,534049632;15,7615;;;;;;;;;;;
0;89;3;0,534049632;15,6857;;;;;;;;;;;
0;90;3;0,534049632;15,7767;;;;;;;;;;;
0;91;3;0,534049632;15,7074;;;;;;;;;;;
0;92;3;0,534049632;15,5839;;;;;;;;;;;
0;93;3;0,534049632;15,7348;;;;;;;;;;;
0;94;3;0,534049632;15,7521;;;;;;;;;;;
0;95;3;0,534049632;15,6100;;;;;;;;;;;
0;96;3;0,534049632;15,7521;;;;;;;;;;;
0;97;3;0,534049632;18,8941;;;;;;;;;;;
0;98;3;0,534049632;15,6606;;;;;;;;;;;
0;99;3;0,534049632;15,8168;;;;;;;;;;;
0;100;3;0,534049632;15,6609;;;;;;;;;;;
0;1;3;0,497044898;71,1490;;;;;;;;;;;
0;2;3;0,497044898;18,9617;;;;;;;;;;;
0;3;3;0,497044898;19,7551;;;;;;;;;;;
0;4;3;0,497044898;20,0525;;;;;;;;;;;
0;5;3;0,497044898;19,4875;;;;;;;;;;;
0;6;3;0,497044898;18,9877;;;;;;;;;;;
0;7;3;0,497044898;19,6216;;;;;;;;;;;
0;8;3;0,497044898;18,1990;;;;;;;;;;;
0;9;3;0,497044898;17,7330;;;;;;;;;;;
0;10;3;0,497044898;18,5116;;;;;;;;;;;
0;11;3;0,497044898;18,7226;;;;;;;;;;;
0;12;3;0,497044898;18,9184;;;;;;;;;;;
0;13;3;0,497044898;18,1977;;;;;;;;;;;
0;14;3;0,497044898;18,1207;;;;;;;;;;;
0;15;3;0,497044898;18,2289;;;;;;;;;;;
0;16;3;0,497044898;17,3933;;;;;;;;;;;
0;17;3;0,497044898;17,2652;;;;;;;;;;;
0;18;3;0,497044898;17,9287;;;;;;;;;;;
0;19;3;0,497044898;17,4066;;;;;;;;;;;
0;20;3;0,497044898;17,2103;;;;;;;;;;;
0;21;3;0,497044898;25,8502;;;;;;;;;;;
0;22;3;0,497044898;18,4358;;;;;;;;;;;
0;23;3;0,497044898;17,7198;;;;;;;;;;;
0;24;3;0,497044898;18,5502;;;;;;;;;;;
0;25;3;0,497044898;18,2366;;;;;;;;;;;
0;26;3;0,497044898;18,3818;;;;;;;;;;;
0;27;3;0,497044898;18,0384;;;;;;;;;;;
0;28;3;0,497044898;18,6617;;;;;;;;;;;
0;29;3;0,497044898;18,5840;;;;;;;;;;;
0;30;3;0,497044898;18,5390;;;;;;;;;;;
0;31;3;0,497044898;17,8294;;;;;;;;;;;
0;32;3;0,497044898;19,0060;;;;;;;;;;;
0;33;3;0,497044898;18,3637;;;;;;;;;;;
0;34;3;0,497044898;18,6029;;;;;;;;;;;
0;35;3;0,497044898;18,4799;;;;;;;;;;;
0;36;3;0,497044898;18,4041;;;;;;;;;;;
0;37;3;0,497044898;18,5363;;;;;;;;;;;
0;38;3;0,497044898;18,7736;;;;;;;;;;;
0;39;3;0,497044898;18,4627;;;;;;;;;;;
0;40;3;0,497044898;21,5954;;;;;;;;;;;
0;41;3;0,497044898;18,5618;;;;;;;;;;;
0;42;3;0,497044898;17,9405;;;;;;;;;;;
0;43;3;0,497044898;18,1160;;;;;;;;;;;
0;44;3;0,497044898;18,6307;;;;;;;;;;;
0;45;3;0,497044898;18,6862;;;;;;;;;;;
0;46;3;0,497044898;15,8191;;;;;;;;;;;
0;47;3;0,497044898;16,4632;;;;;;;;;;;
0;48;3;0,497044898;19,7945;;;;;;;;;;;
0;49;3;0,497044898;17,8062;;;;;;;;;;;
0;50;3;0,497044898;15,9211;;;;;;;;;;;
0;51;3;0,497044898;15,6655;;;;;;;;;;;
0;52;3;0,497044898;20,8330;;;;;;;;;;;
0;53;3;0,497044898;17,8156;;;;;;;;;;;
0;54;3;0,497044898;18,2051;;;;;;;;;;;
0;55;3;0,497044898;17,9446;;;;;;;;;;;
0;56;3;0,497044898;17,5500;;;;;;;;;;;
0;57;3;0,497044898;17,6956;;;;;;;;;;;
0;58;3;0,497044898;17,7645;;;;;;;;;;;
0;59;3;0,497044898;17,7185;;;;;;;;;;;
0;60;3;0,497044898;17,5193;;;;;;;;;;;
0;61;3;0,497044898;18,1131;;;;;;;;;;;
0;62;3;0,497044898;19,1834;;;;;;;;;;;
0;63;3;0,497044898;17,5682;;;;;;;;;;;
0;64;3;0,497044898;17,3165;;;;;;;;;;;
0;65;3;0,497044898;17,2815;;;;;;;;;;;
0;66;3;0,497044898;17,3849;;;;;;;;;;;
0;67;3;0,497044898;17,7000;;;;;;;;;;;
0;68;3;0,497044898;18,0530;;;;;;;;;;;
0;69;3;0,497044898;17,2137;;;;;;;;;;;
0;70;3;0,497044898;17,4209;;;;;;;;;;;
0;71;3;0,497044898;26,5110;;;;;;;;;;;
0;72;3;0,497044898;18,2926;;;;;;;;;;;
0;73;3;0,497044898;15,7326;;;;;;;;;;;
0;74;3;0,497044898;20,0405;;;;;;;;;;;
0;75;3;0,497044898;18,3273;;;;;;;;;;;
0;76;3;0,497044898;15,6201;;;;;;;;;;;
0;77;3;0,497044898;15,5533;;;;;;;;;;;
0;78;3;0,497044898;15,6600;;;;;;;;;;;
0;79;3;0,497044898;15,5448;;;;;;;;;;;
0;80;3;0,497044898;15,5340;;;;;;;;;;;
0;81;3;0,497044898;15,4676;;;;;;;;;;;
0;82;3;0,497044898;15,4602;;;;;;;;;;;
0;83;3;0,497044898;21,7848;;;;;;;;;;;
0;84;3;0,497044898;22,8595;;;;;;;;;;;
0;85;3;0,497044898;16,9618;;;;;;;;;;;
0;86;3;0,497044898;25,7596;;;;;;;;;;;
0;87;3;0,497044898;24,3095;;;;;;;;;;;
0;88;3;0,497044898;17,0119;;;;;;;;;;;
0;89;3;0,497044898;16,0256;;;;;;;;;;;
0;90;3;0,497044898;16,6662;;;;;;;;;;;
0;91;3;0,497044898;18,5254;;;;;;;;;;;
0;92;3;0,497044898;18,9126;;;;;;;;;;;
0;93;3;0,497044898;16,0963;;;;;;;;;;;
0;94;3;0,497044898;18,2703;;;;;;;;;;;
0;95;3;0,497044898;17,6761;;;;;;;;;;;
0;96;3;0,497044898;16,0981;;;;;;;;;;;
0;97;3;0,497044898;16,1160;;;;;;;;;;;
0;98;3;0,497044898;16,9685;;;;;;;;;;;
0;99;3;0,497044898;16,5428;;;;;;;;;;;
0;100;3;0,497044898;16,9664;;;;;;;;;;;
0;1;6;0,589233224;55,0430;;;;;;;;;;;
0;2;6;0,589233224;16,2219;;;;;;;;;;;
0;3;6;0,589233224;15,7592;;;;;;;;;;;
0;4;6;0,589233224;16,3672;;;;;;;;;;;
0;5;6;0,589233224;16,7296;;;;;;;;;;;
0;6;6;0,589233224;19,4448;;;;;;;;;;;
0;7;6;0,589233224;18,1964;;;;;;;;;;;
0;8;6;0,589233224;21,6410;;;;;;;;;;;
0;9;6;0,589233224;24,0682;;;;;;;;;;;
0;10;6;0,589233224;18,5399;;;;;;;;;;;
0;11;6;0,589233224;17,5628;;;;;;;;;;;
0;12;6;0,589233224;16,4276;;;;;;;;;;;
0;13;6;0,589233224;15,7544;;;;;;;;;;;
0;14;6;0,589233224;17,5739;;;;;;;;;;;
0;15;6;0,589233224;16,5527;;;;;;;;;;;
0;16;6;0,589233224;16,2185;;;;;;;;;;;
0;17;6;0,589233224;15,7427;;;;;;;;;;;
0;18;6;0,589233224;19,9751;;;;;;;;;;;
0;19;6;0,589233224;16,4185;;;;;;;;;;;
0;20;6;0,589233224;16,9709;;;;;;;;;;;
0;21;6;0,589233224;18,9523;;;;;;;;;;;
0;22;6;0,589233224;19,6300;;;;;;;;;;;
0;23;6;0,589233224;23,4396;;;;;;;;;;;
0;24;6;0,589233224;18,0272;;;;;;;;;;;
0;25;6;0,589233224;18,3548;;;;;;;;;;;
0;26;6;0,589233224;19,6524;;;;;;;;;;;
0;27;6;0,589233224;20,0031;;;;;;;;;;;
0;28;6;0,589233224;17,8413;;;;;;;;;;;
0;29;6;0,589233224;20,4940;;;;;;;;;;;
0;30;6;0,589233224;16,0748;;;;;;;;;;;
0;31;6;0,589233224;15,9736;;;;;;;;;;;
0;32;6;0,589233224;20,7594;;;;;;;;;;;
0;33;6;0,589233224;18,7441;;;;;;;;;;;
0;34;6;0,589233224;16,7163;;;;;;;;;;;
0;35;6;0,589233224;17,6279;;;;;;;;;;;
0;36;6;0,589233224;25,4069;;;;;;;;;;;
0;37;6;0,589233224;20,8382;;;;;;;;;;;
0;38;6;0,589233224;25,6110;;;;;;;;;;;
0;39;6;0,589233224;21,9175;;;;;;;;;;;
0;40;6;0,589233224;23,6974;;;;;;;;;;;
0;41;6;0,589233224;23,0715;;;;;;;;;;;
0;42;6;0,589233224;16,3166;;;;;;;;;;;
0;43;6;0,589233224;16,2348;;;;;;;;;;;
0;44;6;0,589233224;21,1770;;;;;;;;;;;
0;45;6;0,589233224;18,3114;;;;;;;;;;;
0;46;6;0,589233224;19,5207;;;;;;;;;;;
0;47;6;0,589233224;17,4397;;;;;;;;;;;
0;48;6;0,589233224;15,8661;;;;;;;;;;;
0;49;6;0,589233224;15,7511;;;;;;;;;;;
0;50;6;0,589233224;15,9385;;;;;;;;;;;
0;51;6;0,589233224;23,6559;;;;;;;;;;;
0;52;6;0,589233224;23,1710;;;;;;;;;;;
0;53;6;0,589233224;17,4028;;;;;;;;;;;
0;54;6;0,589233224;16,4862;;;;;;;;;;;
0;55;6;0,589233224;16,3412;;;;;;;;;;;
0;56;6;0,589233224;24,7216;;;;;;;;;;;
0;57;6;0,589233224;16,1437;;;;;;;;;;;
0;58;6;0,589233224;17,1724;;;;;;;;;;;
0;59;6;0,589233224;17,9495;;;;;;;;;;;
0;60;6;0,589233224;16,0612;;;;;;;;;;;
0;61;6;0,589233224;19,3608;;;;;;;;;;;
0;62;6;0,589233224;18,6221;;;;;;;;;;;
0;63;6;0,589233224;16,7319;;;;;;;;;;;
0;64;6;0,589233224;16,7017;;;;;;;;;;;
0;65;6;0,589233224;18,4055;;;;;;;;;;;
0;66;6;0,589233224;18,8290;;;;;;;;;;;
0;67;6;0,589233224;19,0513;;;;;;;;;;;
0;68;6;0,589233224;16,5703;;;;;;;;;;;
0;69;6;0,589233224;16,0586;;;;;;;;;;;
0;70;6;0,589233224;20,8482;;;;;;;;;;;
0;71;6;0,589233224;16,6874;;;;;;;;;;;
0;72;6;0,589233224;15,9834;;;;;;;;;;;
0;73;6;0,589233224;20,1763;;;;;;;;;;;
0;74;6;0,589233224;16,2942;;;;;;;;;;;
0;75;6;0,589233224;16,2622;;;;;;;;;;;
0;76;6;0,589233224;17,8043;;;;;;;;;;;
0;77;6;0,589233224;22,8974;;;;;;;;;;;
0;78;6;0,589233224;24,2423;;;;;;;;;;;
0;79;6;0,589233224;24,1090;;;;;;;;;;;
0;80;6;0,589233224;16,8766;;;;;;;;;;;
0;81;6;0,589233224;18,6536;;;;;;;;;;;
0;82;6;0,589233224;18,0413;;;;;;;;;;;
0;83;6;0,589233224;17,1966;;;;;;;;;;;
0;84;6;0,589233224;18,1161;;;;;;;;;;;
0;85;6;0,589233224;22,1229;;;;;;;;;;;
0;86;6;0,589233224;23,2627;;;;;;;;;;;
0;87;6;0,589233224;19,0592;;;;;;;;;;;
0;88;6;0,589233224;19,2206;;;;;;;;;;;
0;89;6;0,589233224;22,1998;;;;;;;;;;;
0;90;6;0,589233224;18,0600;;;;;;;;;;;
0;91;6;0,589233224;22,9732;;;;;;;;;;;
0;92;6;0,589233224;22,1381;;;;;;;;;;;
0;93;6;0,589233224;19,8067;;;;;;;;;;;
0;94;6;0,589233224;16,5341;;;;;;;;;;;
0;95;6;0,589233224;16,1053;;;;;;;;;;;
0;96;6;0,589233224;16,0702;;;;;;;;;;;
0;97;6;0,589233224;29,5815;;;;;;;;;;;
0;98;6;0,589233224;20,7312;;;;;;;;;;;
0;99;6;0,589233224;17,7896;;;;;;;;;;;
0;100;6;0,589233224;15,8650;;;;;;;;;;;
0;1;4;0,299259259;52,0133;;;;;;;;;;;
0;2;2;0,001923075;19,0485;;;;;;;;;;;
0;3;2;0,001923075;17,6508;;;;;;;;;;;
0;4;2;0,001923075;21,6272;;;;;;;;;;;
0;5;2;0,001923075;17,3566;;;;;;;;;;;
0;6;2;0,001921228;20,5526;;;;;;;;;;;
0;7;1;0;21,7250;;;;;;;;;;;
0;8;2;0,007393614;25,8688;;;;;;;;;;;
0;9;5;0,141568615;20,4953;;;;;;;;;;;
0;10;5;0,141200022;19,6898;;;;;;;;;;;
0;11;5;0,138318645;19,9817;;;;;;;;;;;
0;12;5;0,137616498;19,7708;;;;;;;;;;;
0;13;5;0,137616498;22,1063;;;;;;;;;;;
0;14;4;0,010105117;21,0297;;;;;;;;;;;
0;15;3;0,073236454;22,0449;;;;;;;;;;;
0;16;2;0,498966942;20,3773;;;;;;;;;;;
0;17;2;0,498966942;19,1958;;;;;;;;;;;
0;18;2;0,498966942;19,4688;;;;;;;;;;;
0;19;2;0,498966942;19,2259;;;;;;;;;;;
0;20;2;0,498966942;19,1426;;;;;;;;;;;
0;21;2;0,498966942;24,9870;;;;;;;;;;;
0;22;2;0,498966942;19,7135;;;;;;;;;;;
0;23;2;0,498966942;19,4643;;;;;;;;;;;
0;24;2;0,498966942;19,1937;;;;;;;;;;;
0;25;2;0,498966942;19,3778;;;;;;;;;;;
0;26;2;0,498966942;19,1022;;;;;;;;;;;
0;27;2;0,498966942;19,5973;;;;;;;;;;;
0;28;2;0,498966942;19,2015;;;;;;;;;;;
0;29;2;0,498966942;20,4841;;;;;;;;;;;
0;30;2;0,498966942;19,7219;;;;;;;;;;;
0;31;2;0,498966942;19,8741;;;;;;;;;;;
0;32;2;0,498966942;19,6255;;;;;;;;;;;
0;33;2;0,498966942;19,4444;;;;;;;;;;;
0;34;2;0,498966942;19,4482;;;;;;;;;;;
0;35;2;0,498966942;19,0991;;;;;;;;;;;
0;36;2;0,498966942;19,2094;;;;;;;;;;;
0;37;2;0,498895424;19,2440;;;;;;;;;;;
0;38;2;0,498895424;19,2946;;;;;;;;;;;
0;39;2;0,498821755;19,8278;;;;;;;;;;;
0;40;2;0,498821755;21,5209;;;;;;;;;;;
0;41;2;0,498821755;19,1072;;;;;;;;;;;
0;42;2;0,498821755;19,3757;;;;;;;;;;;
0;43;2;0,498745958;19,4784;;;;;;;;;;;
0;44;2;0,498745958;19,3618;;;;;;;;;;;
0;45;2;0,498745958;19,4373;;;;;;;;;;;
0;46;2;0,498745958;19,5492;;;;;;;;;;;
0;47;2;0,498745958;19,4331;;;;;;;;;;;
0;48;2;0,498745958;20,4768;;;;;;;;;;;
0;49;2;0,498745958;19,5282;;;;;;;;;;;
0;50;2;0,498668054;19,4980;;;;;;;;;;;
0;51;2;0,498668054;19,3713;;;;;;;;;;;
0;52;2;0,498668054;19,4623;;;;;;;;;;;
0;53;2;0,498668054;19,2617;;;;;;;;;;;
0;54;2;0,498668054;20,1979;;;;;;;;;;;
0;55;2;0,498668054;18,1264;;;;;;;;;;;
0;56;2;0,498668054;18,0184;;;;;;;;;;;
0;57;2;0,498668054;15,7197;;;;;;;;;;;
0;58;2;0,498668054;15,4334;;;;;;;;;;;
0;59;2;0,498668054;15,5689;;;;;;;;;;;
0;60;2;0,498668054;15,6290;;;;;;;;;;;
0;61;2;0,498668054;15,6658;;;;;;;;;;;
0;62;2;0,498668054;15,4992;;;;;;;;;;;
0;63;2;0,498668054;15,4918;;;;;;;;;;;
0;64;2;0,498668054;15,4133;;;;;;;;;;;
0;65;2;0,498668054;15,6431;;;;;;;;;;;
0;66;2;0,498588065;15,4015;;;;;;;;;;;
0;67;2;0,498588065;15,7854;;;;;;;;;;;
0;68;2;0,498588065;15,7229;;;;;;;;;;;
0;69;2;0,498506012;15,5748;;;;;;;;;;;
0;70;2;0,498506012;15,6628;;;;;;;;;;;
0;71;2;0,498506012;15,7026;;;;;;;;;;;
0;72;2;0,498506012;22,9116;;;;;;;;;;;
0;73;2;0,498506012;17,1927;;;;;;;;;;;
0;74;2;0,498506012;15,7384;;;;;;;;;;;
0;75;2;0,498506012;16,0301;;;;;;;;;;;
0;76;2;0,498506012;16,0547;;;;;;;;;;;
0;77;2;0,498506012;16,1045;;;;;;;;;;;
0;78;2;0,498506012;15,8674;;;;;;;;;;;
0;79;2;0,498506012;15,8211;;;;;;;;;;;
0;80;2;0,498506012;15,9791;;;;;;;;;;;
0;81;2;0,498506012;16,1698;;;;;;;;;;;
0;82;2;0,498506012;20,9778;;;;;;;;;;;
0;83;2;0,498506012;17,3939;;;;;;;;;;;
0;84;2;0,498506012;16,2047;;;;;;;;;;;
0;85;2;0,498421916;16,9041;;;;;;;;;;;
0;86;2;0,498421916;16,7932;;;;;;;;;;;
0;87;2;0,498421916;18,0498;;;;;;;;;;;
0;88;2;0,498421916;25,1778;;;;;;;;;;;
0;89;2;0,498421916;31,9831;;;;;;;;;;;
0;90;2;0,498421916;18,2943;;;;;;;;;;;
0;91;2;0,498421916;17,0790;;;;;;;;;;;
0;92;2;0,498421916;16,6283;;;;;;;;;;;
0;93;2;0,498421916;18,4124;;;;;;;;;;;
0;94;2;0,498421916;19,2813;;;;;;;;;;;
0;95;2;0,498421916;19,4600;;;;;;;;;;;
0;96;2;0,498421916;19,4385;;;;;;;;;;;
0;97;2;0,498421916;16,8584;;;;;;;;;;;
0;98;2;0,498421916;15,9039;;;;;;;;;;;
0;99;2;0,498421916;15,9914;;;;;;;;;;;
0;100;2;0,498421916;15,8392;;;;;;;;;;;
0;1;3;0,471916152;46,8697;;;;;;;;;;;
0;2;3;0,471916152;19,0440;;;;;;;;;;;
0;3;3;0,471916152;19,7375;;;;;;;;;;;
0;4;3;0,471916152;19,3730;;;;;;;;;;;
0;5;3;0,471916152;19,9589;;;;;;;;;;;
0;6;3;0,471916152;18,1795;;;;;;;;;;;
0;7;3;0,471916152;17,3886;;;;;;;;;;;
0;8;3;0,471916152;19,3477;;;;;;;;;;;
0;9;3;0,471916152;23,9026;;;;;;;;;;;
0;10;3;0,471916152;18,1807;;;;;;;;;;;
0;11;3;0,471916152;17,8202;;;;;;;;;;;
0;12;3;0,471916152;17,0951;;;;;;;;;;;
0;13;3;0,471916152;15,3306;;;;;;;;;;;
0;14;3;0,471916152;15,7360;;;;;;;;;;;
0;15;3;0,471916152;14,9870;;;;;;;;;;;
0;16;3;0,471916152;18,3396;;;;;;;;;;;
0;17;3;0,471916152;16,8741;;;;;;;;;;;
0;18;3;0,471916152;17,3353;;;;;;;;;;;
0;19;3;0,471916152;18,4093;;;;;;;;;;;
0;20;3;0,471916152;16,6233;;;;;;;;;;;
0;21;3;0,471916152;17,9931;;;;;;;;;;;
0;22;3;0,471916152;17,8092;;;;;;;;;;;
0;23;3;0,471916152;22,1193;;;;;;;;;;;
0;24;3;0,471916152;26,1524;;;;;;;;;;;
0;25;3;0,471916152;15,7276;;;;;;;;;;;
0;26;3;0,471916152;15,8215;;;;;;;;;;;
0;27;3;0,471916152;15,1871;;;;;;;;;;;
0;28;3;0,471916152;15,1179;;;;;;;;;;;
0;29;3;0,471916152;15,1716;;;;;;;;;;;
0;30;3;0,471916152;22,8700;;;;;;;;;;;
0;31;3;0,471916152;20,5382;;;;;;;;;;;
0;32;3;0,471916152;20,1652;;;;;;;;;;;
0;33;3;0,471916152;18,2210;;;;;;;;;;;
0;34;3;0,471916152;15,9879;;;;;;;;;;;
0;35;3;0,471916152;16,2724;;;;;;;;;;;
0;36;3;0,471916152;18,6066;;;;;;;;;;;
0;37;3;0,471916152;21,4677;;;;;;;;;;;
0;38;3;0,471916152;17,3681;;;;;;;;;;;
0;39;3;0,471916152;17,6355;;;;;;;;;;;
0;40;3;0,471916152;19,2201;;;;;;;;;;;
0;41;3;0,471916152;24,0188;;;;;;;;;;;
0;42;3;0,471916152;18,5046;;;;;;;;;;;
0;43;3;0,471916152;19,7052;;;;;;;;;;;
0;44;3;0,471916152;16,4591;;;;;;;;;;;
0;45;3;0,471916152;18,5316;;;;;;;;;;;
0;46;3;0,471916152;15,7822;;;;;;;;;;;
0;47;3;0,471916152;15,9011;;;;;;;;;;;
0;48;3;0,471916152;19,6546;;;;;;;;;;;
0;49;3;0,471916152;23,9656;;;;;;;;;;;
0;50;3;0,471916152;20,5288;;;;;;;;;;;
0;51;3;0,471916152;15,7694;;;;;;;;;;;
0;52;3;0,471916152;20,6638;;;;;;;;;;;
0;53;3;0,471916152;16,0705;;;;;;;;;;;
0;54;3;0,471916152;17,7711;;;;;;;;;;;
0;55;3;0,471916152;15,1238;;;;;;;;;;;
0;56;3;0,471916152;15,0752;;;;;;;;;;;
0;57;3;0,471916152;16,6107;;;;;;;;;;;
0;58;3;0,471916152;16,3171;;;;;;;;;;;
0;59;3;0,471916152;18,3604;;;;;;;;;;;
0;60;3;0,471916152;23,8601;;;;;;;;;;;
0;61;3;0,471916152;22,6641;;;;;;;;;;;
0;62;3;0,471916152;22,9190;;;;;;;;;;;
0;63;3;0,471916152;21,3494;;;;;;;;;;;
0;64;3;0,471916152;24,0478;;;;;;;;;;;
0;65;3;0,471916152;21,9368;;;;;;;;;;;
0;66;3;0,471916152;15,5525;;;;;;;;;;;
0;67;3;0,471916152;18,5146;;;;;;;;;;;
0;68;3;0,471916152;21,2491;;;;;;;;;;;
0;69;3;0,471916152;15,0952;;;;;;;;;;;
0;70;3;0,471916152;15,0132;;;;;;;;;;;
0;71;3;0,471916152;18,1678;;;;;;;;;;;
0;72;3;0,471916152;15,4734;;;;;;;;;;;
0;73;3;0,471916152;17,7114;;;;;;;;;;;
0;74;3;0,471916152;16,5979;;;;;;;;;;;
0;75;3;0,471916152;23,5325;;;;;;;;;;;
0;76;3;0,471916152;16,9848;;;;;;;;;;;
0;77;3;0,471916152;19,6044;;;;;;;;;;;
0;78;3;0,471916152;16,3734;;;;;;;;;;;
0;79;3;0,471916152;15,0313;;;;;;;;;;;
0;80;3;0,471916152;14,9513;;;;;;;;;;;
0;81;3;0,471916152;15,6132;;;;;;;;;;;
0;82;3;0,471916152;19,5319;;;;;;;;;;;
0;83;3;0,471916152;15,3653;;;;;;;;;;;
0;84;3;0,471916152;14,9195;;;;;;;;;;;
0;85;3;0,471916152;14,9877;;;;;;;;;;;
0;86;3;0,471916152;17,9110;;;;;;;;;;;
0;87;3;0,471916152;21,3912;;;;;;;;;;;
0;88;3;0,471916152;15,7148;;;;;;;;;;;
0;89;3;0,471916152;16,2057;;;;;;;;;;;
0;90;3;0,471916152;18,0471;;;;;;;;;;;
0;91;3;0,471916152;21,2660;;;;;;;;;;;
0;92;3;0,471916152;16,8562;;;;;;;;;;;
0;93;3;0,471916152;17,1214;;;;;;;;;;;
0;94;3;0,471916152;21,5075;;;;;;;;;;;
0;95;3;0,471916152;22,7777;;;;;;;;;;;
0;96;3;0,471916152;18,2623;;;;;;;;;;;
0;97;3;0,471916152;15,7336;;;;;;;;;;;
0;98;3;0,471916152;20,1857;;;;;;;;;;;
0;99;3;0,471916152;22,2582;;;;;;;;;;;
0;100;3;0,471916152;25,3198;;;;;;;;;;;
;;;;;;;;;;;;;;;
;;1;4,198;32,5925;;;;;;;;;;;
;;8;8;14,7022;;;;;;;;;;;