0;1;6;0,690615368;28,1413;;;;;;;;;GN;;louvain
0;2;6;0,690615368;9,6001;1;0,690615368;;1;7,236288817;;5,614943001;;0,664368868;;0,059012175
0;3;6;0,690615368;8,3432;;0,690615368;;;4,849059105;;5,0233603;;0,710019112;;0,044158936
0;4;6;0,690615368;8,4270;;;;;;;;;0,69150424;;0,061604023
0;5;6;0,690615368;8,0547;2;0,705415592;;2;6,400372863;;;;0,680791855;;0,053180218
0;6;6;0,690615368;8,0631;;0,705415592;;;5,344240189;;;;0,744725943;;0,053295851
0;7;6;0,690615368;8,2732;;;;;;;;;0,693450928;;0,046866179
0;8;6;0,690615368;9,3812;3;0,560058594;;3;5,344072685;;0,744689713;;0,705408096;;0,042639017
0;9;6;0,690615368;8,3859;;0,560058594;;;4,91869688;;;;0,680794239;;0,083424091
0;10;6;0,690615368;7,8078;;;;;;;;;0,708256006;;0,07490921
0;11;6;0,690615368;7,3096;4;0,42963737;;4;5,326868935;;;;0,716189861;;0,05350709
0;12;6;0,690615368;7,5734;;0,670927684;;;5,015920162;;;;;;
0;13;6;0,690615368;9,2832;;;;;;;;;;;
0;14;6;0,690615368;9,3726;5;0,518314458;;5;5,054821079;;;;;;
0;15;6;0,690615368;8,0693;;0,518314458;;;4,850126743;;;;;;
0;16;6;0,690615368;8,8962;;;;;;;;;;;
0;17;6;0,690615368;8,6293;6;0,423218148;;6;5,351689303;;;;;;
0;18;6;0,690615368;6,6780;;0,423218148;;;5,096863985;;;;;;
0;19;6;0,690615368;6,3025;;;;;;;;;;;
0;20;6;0,690615368;6,2275;7;0,744689713;;7;5,354650729;;;;;;
0;21;6;0,690615368;6,1398;;0,744689713;;;5,161815882;;;;;;
0;22;6;0,690615368;6,5067;;;;;;;;;;;
0;23;6;0,690615368;6,2998;8;0,503576449;;8;5,457145357;;;;;;
0;24;6;0,690615368;6,3948;;0,572798694;;;5,258173943;;;;;;
0;25;6;0,690615368;6,2644;;;;;;;;;;;
0;26;6;0,690615368;6,3042;9;0,608506314;;9;5,272937376;;;;;;
0;27;6;0,690615368;6,6747;;0,608506314;;;5,110543013;;;;;;
0;28;6;0,690615368;6,6104;;;;;;;;;;;
0;29;6;0,690615368;6,3027;10;0,564990966;;10;5,350582864;;;;;;
0;30;6;0,690615368;6,6590;;0,564990966;;;4,628163099;;;;;;
0;31;6;0,690615368;6,7368;;;;;;;;;;;
0;32;6;0,690615368;6,5293;;;;;;;;;;;
0;33;6;0,690615368;6,7532;;;;;;;;;;;
0;34;6;0,690615368;5,8277;;;;;;;;;;;
0;35;6;0,690615368;6,7230;;;;;;;;;;;
0;36;6;0,690615368;6,4451;;;;;;;;;;;
0;37;6;0,690615368;5,8230;;;;;;;;;;;
0;38;6;0,690615368;7,1736;;;;;;;;;;;
0;39;6;0,690615368;6,2536;;;;;;;;;;;
0;40;6;0,690615368;5,7891;;;;;;;;;;;
0;41;6;0,690615368;6,2913;;;;;;;;;;;
0;42;6;0,690615368;6,0131;;;;;;;;;;;
0;43;6;0,690615368;6,0621;;;;;;;;;;;
0;44;6;0,690615368;6,6086;;;;;;;;;;;
0;45;6;0,690615368;5,8826;;;;;;;;;;;
0;46;6;0,690615368;6,8166;;;;;;;;;;;
0;47;6;0,690615368;6,4838;;;;;;;;;;;
0;48;6;0,690615368;6,1452;;;;;;;;;;;
0;49;6;0,690615368;6,2682;;;;;;;;;;;
0;50;6;0,690615368;5,8165;;;;;;;;;;;
0;51;6;0,690615368;6,7353;;;;;;;;;;;
0;52;6;0,690615368;6,3332;;;;;;;;;;;
0;53;6;0,690615368;6,1878;;;;;;;;;;;
0;54;6;0,690615368;6,9328;;;;;;;;;;;
0;55;6;0,690615368;7,4645;;;;;;;;;;;
0;56;6;0,690615368;9,8374;;;;;;;;;;;
0;57;6;0,690615368;6,1898;;;;;;;;;;;
0;58;6;0,690615368;6,6612;;;;;;;;;;;
0;59;6;0,690615368;5,8872;;;;;;;;;;;
0;60;6;0,690615368;7,0125;;;;;;;;;;;
0;61;6;0,690615368;5,9792;;;;;;;;;;;
0;62;6;0,690615368;6,8909;;;;;;;;;;;
0;63;6;0,690615368;6,3441;;;;;;;;;;;
0;64;6;0,690615368;5,9064;;;;;;;;;;;
0;65;6;0,690615368;6,4367;;;;;;;;;;;
0;66;6;0,690615368;6,5779;;;;;;;;;;;
0;67;6;0,690615368;5,8786;;;;;;;;;;;
0;68;6;0,690615368;6,7830;;;;;;;;;;;
0;69;6;0,690615368;7,6528;;;;;;;;;;;
0;70;6;0,690615368;7,7632;;;;;;;;;;;
0;71;6;0,690615368;7,3670;;;;;;;;;;;
0;72;6;0,690615368;7,0335;;;;;;;;;;;
0;73;6;0,690615368;5,8895;;;;;;;;;;;
0;74;6;0,690615368;6,6276;;;;;;;;;;;
0;75;6;0,690615368;7,2207;;;;;;;;;;;
0;76;6;0,690615368;6,0582;;;;;;;;;;;
0;77;6;0,690615368;11,0208;;;;;;;;;;;
0;78;6;0,690615368;10,0468;;;;;;;;;;;
0;79;6;0,690615368;5,1172;;;;;;;;;;;
0;80;6;0,690615368;4,8491;;;;;;;;;;;
0;81;6;0,690615368;5,3243;;;;;;;;;;;
0;82;6;0,690615368;11,2475;;;;;;;;;;;
0;83;6;0,690615368;9,7966;;;;;;;;;;;
0;84;6;0,690615368;7,8187;;;;;;;;;;;
0;85;6;0,690615368;7,0408;;;;;;;;;;;
0;86;6;0,690615368;6,7520;;;;;;;;;;;
0;87;6;0,690615368;6,5158;;;;;;;;;;;
0;88;6;0,690615368;7,3049;;;;;;;;;;;
0;89;6;0,690615368;6,3302;;;;;;;;;;;
0;90;6;0,690615368;6,2821;;;;;;;;;;;
0;91;6;0,690615368;6,9513;;;;;;;;;;;
0;92;6;0,690615368;7,5778;;;;;;;;;;;
0;93;6;0,690615368;8,1782;;;;;;;;;;;
0;94;6;0,690615368;7,7732;;;;;;;;;;;
0;95;6;0,690615368;6,0965;;;;;;;;;;;
0;96;6;0,690615368;6,2152;;;;;;;;;;;
0;97;6;0,690615368;6,4402;;;;;;;;;;;
0;98;6;0,690615368;6,4392;;;;;;;;;;;
0;99;6;0,690615368;6,9025;;;;;;;;;;;
0;100;6;0,690615368;6,5392;;;;;;;;;;;
0;1;7;0,705415592;18,9209;;;;;;;;;;;
0;2;7;0,705415592;5,5068;;;;;;;;;;;
0;3;7;0,705415592;5,7389;;;;;;;;;;;
0;4;7;0,705415592;5,4023;;;;;;;;;;;
0;5;7;0,705415592;5,7782;;;;;;;;;;;
0;6;7;0,705415592;5,4435;;;;;;;;;;;
0;7;7;0,705415592;5,7848;;;;;;;;;;;
0;8;7;0,705415592;5,3567;;;;;;;;;;;
0;9;7;0,705415592;5,5857;;;;;;;;;;;
0;10;7;0,705415592;5,4509;;;;;;;;;;;
0;11;7;0,705415592;5,3442;;;;;;;;;;;
0;12;7;0,705415592;5,7662;;;;;;;;;;;
0;13;7;0,705415592;5,5009;;;;;;;;;;;
0;14;7;0,705415592;6,4867;;;;;;;;;;;
0;15;7;0,705415592;6,5138;;;;;;;;;;;
0;16;7;0,705415592;6,5726;;;;;;;;;;;
0;17;7;0,705415592;6,5255;;;;;;;;;;;
0;18;7;0,705415592;6,1383;;;;;;;;;;;
0;19;7;0,705415592;6,7236;;;;;;;;;;;
0;20;7;0,705415592;6,2855;;;;;;;;;;;
0;21;7;0,705415592;6,5817;;;;;;;;;;;
0;22;7;0,705415592;6,4650;;;;;;;;;;;
0;23;7;0,705415592;6,1541;;;;;;;;;;;
0;24;7;0,705415592;6,6029;;;;;;;;;;;
0;25;7;0,705415592;6,3073;;;;;;;;;;;
0;26;7;0,705415592;6,4060;;;;;;;;;;;
0;27;7;0,705415592;6,6642;;;;;;;;;;;
0;28;7;0,705415592;6,6155;;;;;;;;;;;
0;29;7;0,705415592;6,6812;;;;;;;;;;;
0;30;7;0,705415592;6,5189;;;;;;;;;;;
0;31;7;0,705415592;6,3047;;;;;;;;;;;
0;32;7;0,705415592;7,8791;;;;;;;;;;;
0;33;7;0,705415592;7,5122;;;;;;;;;;;
0;34;7;0,705415592;6,0634;;;;;;;;;;;
0;35;7;0,705415592;6,3537;;;;;;;;;;;
0;36;7;0,705415592;6,4457;;;;;;;;;;;
0;37;7;0,705415592;6,7919;;;;;;;;;;;
0;38;7;0,705415592;6,1709;;;;;;;;;;;
0;39;7;0,705415592;6,4657;;;;;;;;;;;
0;40;7;0,705415592;6,3587;;;;;;;;;;;
0;41;7;0,705415592;6,2534;;;;;;;;;;;
0;42;7;0,705415592;6,5535;;;;;;;;;;;
0;43;7;0,705415592;6,2642;;;;;;;;;;;
0;44;7;0,705415592;6,5595;;;;;;;;;;;
0;45;7;0,705415592;6,0845;;;;;;;;;;;
0;46;7;0,705415592;6,4950;;;;;;;;;;;
0;47;7;0,705415592;6,3089;;;;;;;;;;;
0;48;7;0,705415592;6,5426;;;;;;;;;;;
0;49;7;0,705415592;6,0451;;;;;;;;;;;
0;50;7;0,705415592;6,5715;;;;;;;;;;;
0;51;7;0,705415592;6,2001;;;;;;;;;;;
0;52;7;0,705415592;6,5782;;;;;;;;;;;
0;53;7;0,705415592;6,1353;;;;;;;;;;;
0;54;7;0,705415592;6,3903;;;;;;;;;;;
0;55;7;0,705415592;6,5818;;;;;;;;;;;
0;56;7;0,705415592;6,8275;;;;;;;;;;;
0;57;7;0,705415592;6,2762;;;;;;;;;;;
0;58;7;0,705415592;6,3554;;;;;;;;;;;
0;59;7;0,705415592;6,2691;;;;;;;;;;;
0;60;7;0,705415592;6,2861;;;;;;;;;;;
0;61;7;0,705415592;6,3603;;;;;;;;;;;
0;62;7;0,705415592;6,1394;;;;;;;;;;;
0;63;7;0,705415592;6,3066;;;;;;;;;;;
0;64;7;0,705415592;6,2479;;;;;;;;;;;
0;65;7;0,705415592;6,1477;;;;;;;;;;;
0;66;7;0,705415592;6,2153;;;;;;;;;;;
0;67;7;0,705415592;6,2085;;;;;;;;;;;
0;68;7;0,705415592;6,3625;;;;;;;;;;;
0;69;7;0,705415592;6,2346;;;;;;;;;;;
0;70;7;0,705415592;6,3203;;;;;;;;;;;
0;71;7;0,705415592;6,2411;;;;;;;;;;;
0;72;7;0,705415592;6,1691;;;;;;;;;;;
0;73;7;0,705415592;6,5984;;;;;;;;;;;
0;74;7;0,705415592;6,5051;;;;;;;;;;;
0;75;7;0,705415592;6,1172;;;;;;;;;;;
0;76;7;0,705415592;6,3229;;;;;;;;;;;
0;77;7;0,705415592;6,1402;;;;;;;;;;;
0;78;7;0,705415592;6,2146;;;;;;;;;;;
0;79;7;0,705415592;6,2662;;;;;;;;;;;
0;80;7;0,705415592;6,3893;;;;;;;;;;;
0;81;7;0,705415592;6,6308;;;;;;;;;;;
0;82;7;0,705415592;6,0903;;;;;;;;;;;
0;83;7;0,705415592;6,2038;;;;;;;;;;;
0;84;7;0,705415592;6,3664;;;;;;;;;;;
0;85;7;0,705415592;6,2090;;;;;;;;;;;
0;86;7;0,705415592;6,1272;;;;;;;;;;;
0;87;7;0,705415592;6,3223;;;;;;;;;;;
0;88;7;0,705415592;6,2819;;;;;;;;;;;
0;89;7;0,705415592;6,4107;;;;;;;;;;;
0;90;7;0,705415592;6,0652;;;;;;;;;;;
0;91;7;0,705415592;6,2996;;;;;;;;;;;
0;92;7;0,705415592;6,1782;;;;;;;;;;;
0;93;7;0,705415592;6,1989;;;;;;;;;;;
0;94;7;0,705415592;6,2783;;;;;;;;;;;
0;95;7;0,705415592;6,1677;;;;;;;;;;;
0;96;7;0,705415592;6,3461;;;;;;;;;;;
0;97;7;0,705415592;6,0629;;;;;;;;;;;
0;98;7;0,705415592;6,2250;;;;;;;;;;;
0;99;7;0,705415592;6,1779;;;;;;;;;;;
0;100;7;0,705415592;6,1411;;;;;;;;;;;
0;1;9;0,560058594;23,7705;;;;;;;;;;;
0;2;9;0,560058594;6,8606;;;;;;;;;;;
0;3;9;0,560058594;8,3990;;;;;;;;;;;
0;4;9;0,560058594;8,3185;;;;;;;;;;;
0;5;9;0,560058594;5,4079;;;;;;;;;;;
0;6;9;0,560058594;5,2187;;;;;;;;;;;
0;7;9;0,560058594;5,1686;;;;;;;;;;;
0;8;9;0,560058594;5,2553;;;;;;;;;;;
0;9;9;0,560058594;5,1089;;;;;;;;;;;
0;10;9;0,560058594;5,1734;;;;;;;;;;;
0;11;9;0,560058594;5,1313;;;;;;;;;;;
0;12;9;0,560058594;5,1919;;;;;;;;;;;
0;13;9;0,560058594;5,3522;;;;;;;;;;;
0;14;9;0,560058594;5,3796;;;;;;;;;;;
0;15;9;0,560058594;5,7103;;;;;;;;;;;
0;16;9;0,560058594;5,1162;;;;;;;;;;;
0;17;9;0,560058594;5,4610;;;;;;;;;;;
0;18;9;0,560058594;5,3569;;;;;;;;;;;
0;19;9;0,560058594;5,2262;;;;;;;;;;;
0;20;9;0,560058594;5,0811;;;;;;;;;;;
0;21;9;0,560058594;5,0225;;;;;;;;;;;
0;22;9;0,560058594;5,0877;;;;;;;;;;;
0;23;9;0,560058594;5,1166;;;;;;;;;;;
0;24;9;0,560058594;5,0604;;;;;;;;;;;
0;25;9;0,560058594;5,0607;;;;;;;;;;;
0;26;9;0,560058594;5,1242;;;;;;;;;;;
0;27;9;0,560058594;4,9917;;;;;;;;;;;
0;28;9;0,560058594;5,0281;;;;;;;;;;;
0;29;9;0,560058594;5,0192;;;;;;;;;;;
0;30;9;0,560058594;5,0238;;;;;;;;;;;
0;31;9;0,560058594;5,0488;;;;;;;;;;;
0;32;9;0,560058594;5,1018;;;;;;;;;;;
0;33;9;0,560058594;4,9849;;;;;;;;;;;
0;34;9;0,560058594;5,0093;;;;;;;;;;;
0;35;9;0,560058594;5,0762;;;;;;;;;;;
0;36;9;0,560058594;5,0294;;;;;;;;;;;
0;37;9;0,560058594;5,0823;;;;;;;;;;;
0;38;9;0,560058594;4,9983;;;;;;;;;;;
0;39;9;0,560058594;5,0156;;;;;;;;;;;
0;40;9;0,560058594;4,9809;;;;;;;;;;;
0;41;9;0,560058594;5,0870;;;;;;;;;;;
0;42;9;0,560058594;5,0199;;;;;;;;;;;
0;43;9;0,560058594;5,0361;;;;;;;;;;;
0;44;9;0,560058594;5,0167;;;;;;;;;;;
0;45;9;0,560058594;5,0142;;;;;;;;;;;
0;46;9;0,560058594;4,9598;;;;;;;;;;;
0;47;9;0,560058594;4,9963;;;;;;;;;;;
0;48;9;0,560058594;5,0960;;;;;;;;;;;
0;49;9;0,560058594;5,1042;;;;;;;;;;;
0;50;9;0,560058594;5,1263;;;;;;;;;;;
0;51;9;0,560058594;5,2084;;;;;;;;;;;
0;52;9;0,560058594;5,0371;;;;;;;;;;;
0;53;9;0,560058594;5,0132;;;;;;;;;;;
0;54;9;0,560058594;5,0936;;;;;;;;;;;
0;55;9;0,560058594;4,9853;;;;;;;;;;;
0;56;9;0,560058594;5,2653;;;;;;;;;;;
0;57;9;0,560058594;4,9915;;;;;;;;;;;
0;58;9;0,560058594;4,9187;;;;;;;;;;;
0;59;9;0,560058594;4,9846;;;;;;;;;;;
0;60;9;0,560058594;5,0211;;;;;;;;;;;
0;61;9;0,560058594;4,9632;;;;;;;;;;;
0;62;9;0,560058594;5,0254;;;;;;;;;;;
0;63;9;0,560058594;4,9655;;;;;;;;;;;
0;64;9;0,560058594;5,0625;;;;;;;;;;;
0;65;9;0,560058594;5,0467;;;;;;;;;;;
0;66;9;0,560058594;5,0499;;;;;;;;;;;
0;67;9;0,560058594;4,9840;;;;;;;;;;;
0;68;9;0,560058594;5,0563;;;;;;;;;;;
0;69;9;0,560058594;5,0198;;;;;;;;;;;
0;70;9;0,560058594;5,0116;;;;;;;;;;;
0;71;9;0,560058594;5,0363;;;;;;;;;;;
0;72;9;0,560058594;5,1724;;;;;;;;;;;
0;73;9;0,560058594;5,0604;;;;;;;;;;;
0;74;9;0,560058594;4,9755;;;;;;;;;;;
0;75;9;0,560058594;5,0484;;;;;;;;;;;
0;76;9;0,560058594;5,0101;;;;;;;;;;;
0;77;9;0,560058594;4,9856;;;;;;;;;;;
0;78;9;0,560058594;5,0162;;;;;;;;;;;
0;79;9;0,560058594;4,9541;;;;;;;;;;;
0;80;9;0,560058594;5,0109;;;;;;;;;;;
0;81;9;0,560058594;5,0346;;;;;;;;;;;
0;82;9;0,560058594;5,0133;;;;;;;;;;;
0;83;9;0,560058594;5,0470;;;;;;;;;;;
0;84;9;0,560058594;5,0517;;;;;;;;;;;
0;85;9;0,560058594;5,0606;;;;;;;;;;;
0;86;9;0,560058594;4,9944;;;;;;;;;;;
0;87;9;0,560058594;5,0491;;;;;;;;;;;
0;88;9;0,560058594;4,9757;;;;;;;;;;;
0;89;9;0,560058594;4,9631;;;;;;;;;;;
0;90;9;0,560058594;5,0416;;;;;;;;;;;
0;91;9;0,560058594;5,0870;;;;;;;;;;;
0;92;9;0,560058594;4,9738;;;;;;;;;;;
0;93;9;0,560058594;5,0266;;;;;;;;;;;
0;94;9;0,560058594;4,9886;;;;;;;;;;;
0;95;9;0,560058594;5,1054;;;;;;;;;;;
0;96;9;0,560058594;5,0992;;;;;;;;;;;
0;97;9;0,560058594;4,9950;;;;;;;;;;;
0;98;9;0,560058594;5,0027;;;;;;;;;;;
0;99;9;0,560058594;4,9560;;;;;;;;;;;
0;100;9;0,560058594;4,9613;;;;;;;;;;;
0;1;7;0,670927684;12,9818;;;;;;;;;;;
0;2;2;0;7,8858;;;;;;;;;;;
0;3;1;0;6,8766;;;;;;;;;;;
0;4;1;0;6,7203;;;;;;;;;;;
0;5;1;0;6,2209;;;;;;;;;;;
0;6;2;0,02484079;6,5133;;;;;;;;;;;
0;7;5;0,192982456;7,0329;;;;;;;;;;;
0;8;5;0,192982456;7,5335;;;;;;;;;;;
0;9;5;0,192982456;5,0803;;;;;;;;;;;
0;10;5;0,192982456;5,0777;;;;;;;;;;;
0;11;5;0,192982456;5,0618;;;;;;;;;;;
0;12;5;0,189952438;5,1192;;;;;;;;;;;
0;13;5;0,188472496;5,1510;;;;;;;;;;;
0;14;5;0,187015226;5,1139;;;;;;;;;;;
0;15;5;0,187015226;5,0700;;;;;;;;;;;
0;16;5;0,187015226;5,0827;;;;;;;;;;;
0;17;5;0,185580114;5,1063;;;;;;;;;;;
0;18;5;0,181402849;5,0868;;;;;;;;;;;
0;19;5;0,178720083;5,0767;;;;;;;;;;;
0;20;5;0,177408;5,1233;;;;;;;;;;;
0;21;5;0,177408;5,1161;;;;;;;;;;;
0;22;4;0,036870032;5,0822;;;;;;;;;;;
0;23;3;0,247160494;5,0542;;;;;;;;;;;
0;24;3;0,340018633;5,0855;;;;;;;;;;;
0;25;3;0,0565159;5,0851;;;;;;;;;;;
0;26;3;0,14344872;5,0619;;;;;;;;;;;
0;27;3;0,498983013;5,0720;;;;;;;;;;;
0;28;3;0,498983013;5,0808;;;;;;;;;;;
0;29;3;0,498983013;5,1972;;;;;;;;;;;
0;30;3;0,498983013;5,1566;;;;;;;;;;;
0;31;3;0,498635554;5,2639;;;;;;;;;;;
0;32;2;0,007379973;5,1076;;;;;;;;;;;
0;33;1;0;5,1513;;;;;;;;;;;
0;34;3;0,047249238;5,1321;;;;;;;;;;;
0;35;7;0,546816;5,1416;;;;;;;;;;;
0;36;7;0,546816;5,1005;;;;;;;;;;;
0;37;7;0,546816;5,0890;;;;;;;;;;;
0;38;7;0,546816;5,1494;;;;;;;;;;;
0;39;7;0,546816;5,0159;;;;;;;;;;;
0;40;7;0,546816;5,1305;;;;;;;;;;;
0;41;7;0,546816;5,1246;;;;;;;;;;;
0;42;7;0,546816;5,1169;;;;;;;;;;;
0;43;7;0,546816;5,3015;;;;;;;;;;;
0;44;7;0,546816;5,3424;;;;;;;;;;;
0;45;7;0,546816;5,1371;;;;;;;;;;;
0;46;7;0,546816;5,0859;;;;;;;;;;;
0;47;7;0,546816;5,0832;;;;;;;;;;;
0;48;7;0,546816;5,1138;;;;;;;;;;;
0;49;7;0,546816;5,3189;;;;;;;;;;;
0;50;7;0,546816;5,1002;;;;;;;;;;;
0;51;7;0,546816;5,1047;;;;;;;;;;;
0;52;7;0,546816;5,2048;;;;;;;;;;;
0;53;7;0,546816;5,3621;;;;;;;;;;;
0;54;7;0,546816;5,4215;;;;;;;;;;;
0;55;7;0,546816;5,2751;;;;;;;;;;;
0;56;7;0,546816;5,2301;;;;;;;;;;;
0;57;7;0,546816;5,1092;;;;;;;;;;;
0;58;7;0,546816;5,1082;;;;;;;;;;;
0;59;7;0,546816;5,1407;;;;;;;;;;;
0;60;7;0,546816;5,1216;;;;;;;;;;;
0;61;7;0,546816;5,0711;;;;;;;;;;;
0;62;7;0,546816;5,0394;;;;;;;;;;;
0;63;7;0,546816;5,0779;;;;;;;;;;;
0;64;7;0,546816;5,0957;;;;;;;;;;;
0;65;7;0,546816;5,0681;;;;;;;;;;;
0;66;7;0,546816;5,0913;;;;;;;;;;;
0;67;7;0,546816;5,0758;;;;;;;;;;;
0;68;7;0,546816;5,0336;;;;;;;;;;;
0;69;7;0,546816;5,1072;;;;;;;;;;;
0;70;7;0,546816;5,0566;;;;;;;;;;;
0;71;7;0,546816;5,1873;;;;;;;;;;;
0;72;7;0,546816;5,1323;;;;;;;;;;;
0;73;7;0,546816;5,0316;;;;;;;;;;;
0;74;7;0,546816;5,0803;;;;;;;;;;;
0;75;7;0,546816;5,0779;;;;;;;;;;;
0;76;7;0,546816;5,1782;;;;;;;;;;;
0;77;7;0,546816;5,1102;;;;;;;;;;;
0;78;7;0,546816;5,1193;;;;;;;;;;;
0;79;7;0,546816;5,0928;;;;;;;;;;;
0;80;7;0,546816;5,0553;;;;;;;;;;;
0;81;7;0,546816;5,1004;;;;;;;;;;;
0;82;7;0,546816;5,1150;;;;;;;;;;;
0;83;7;0,546816;5,0898;;;;;;;;;;;
0;84;7;0,546816;5,1447;;;;;;;;;;;
0;85;7;0,546816;5,1095;;;;;;;;;;;
0;86;7;0,546816;5,0825;;;;;;;;;;;
0;87;7;0,546816;5,0979;;;;;;;;;;;
0;88;7;0,546816;5,1549;;;;;;;;;;;
0;89;7;0,546816;5,0534;;;;;;;;;;;
0;90;7;0,546816;5,0554;;;;;;;;;;;
0;91;7;0,546816;5,1291;;;;;;;;;;;
0;92;7;0,546816;5,0763;;;;;;;;;;;
0;93;7;0,546816;5,0213;;;;;;;;;;;
0;94;7;0,546816;5,1213;;;;;;;;;;;
0;95;7;0,546816;5,1195;;;;;;;;;;;
0;96;7;0,546816;5,0815;;;;;;;;;;;
0;97;7;0,546816;5,0986;;;;;;;;;;;
0;98;7;0,546816;5,0529;;;;;;;;;;;
0;99;7;0,546816;5,0700;;;;;;;;;;;
0;100;7;0,546816;5,1399;;;;;;;;;;;
0;1;3;0,518314458;10,6725;;;;;;;;;;;
0;2;3;0,518314458;5,2289;;;;;;;;;;;
0;3;3;0,518314458;5,0205;;;;;;;;;;;
0;4;3;0,518314458;5,4649;;;;;;;;;;;
0;5;3;0,518314458;5,5886;;;;;;;;;;;
0;6;3;0,518314458;5,1488;;;;;;;;;;;
0;7;3;0,518314458;5,3095;;;;;;;;;;;
0;8;3;0,518314458;5,2781;;;;;;;;;;;
0;9;3;0,518314458;5,0750;;;;;;;;;;;
0;10;3;0,518314458;5,0013;;;;;;;;;;;
0;11;3;0,518314458;5,0480;;;;;;;;;;;
0;12;3;0,518314458;5,0264;;;;;;;;;;;
0;13;3;0,518314458;5,0782;;;;;;;;;;;
0;14;3;0,518314458;4,9844;;;;;;;;;;;
0;15;3;0,518314458;5,0177;;;;;;;;;;;
0;16;3;0,518314458;5,0040;;;;;;;;;;;
0;17;3;0,518314458;4,9759;;;;;;;;;;;
0;18;3;0,518314458;4,9437;;;;;;;;;;;
0;19;3;0,518314458;4,9345;;;;;;;;;;;
0;20;3;0,518314458;4,9549;;;;;;;;;;;
0;21;3;0,518314458;4,9605;;;;;;;;;;;
0;22;3;0,518314458;5,0278;;;;;;;;;;;
0;23;3;0,518314458;5,1016;;;;;;;;;;;
0;24;3;0,518314458;4,9635;;;;;;;;;;;
0;25;3;0,518314458;5,0087;;;;;;;;;;;
0;26;3;0,518314458;4,9794;;;;;;;;;;;
0;27;3;0,518314458;4,9672;;;;;;;;;;;
0;28;3;0,518314458;5,0951;;;;;;;;;;;
0;29;3;0,518314458;5,0715;;;;;;;;;;;
0;30;3;0,518314458;5,3301;;;;;;;;;;;
0;31;3;0,518314458;5,1129;;;;;;;;;;;
0;32;3;0,518314458;5,0124;;;;;;;;;;;
0;33;3;0,518314458;4,9375;;;;;;;;;;;
0;34;3;0,518314458;5,0042;;;;;;;;;;;
0;35;3;0,518314458;5,0772;;;;;;;;;;;
0;36;3;0,518314458;5,0167;;;;;;;;;;;
0;37;3;0,518314458;5,3655;;;;;;;;;;;
0;38;3;0,518314458;5,1835;;;;;;;;;;;
0;39;3;0,518314458;4,9637;;;;;;;;;;;
0;40;3;0,518314458;4,9349;;;;;;;;;;;
0;41;3;0,518314458;4,9373;;;;;;;;;;;
0;42;3;0,518314458;4,9470;;;;;;;;;;;
0;43;3;0,518314458;4,9429;;;;;;;;;;;
0;44;3;0,518314458;4,9330;;;;;;;;;;;
0;45;3;0,518314458;4,9221;;;;;;;;;;;
0;46;3;0,518314458;4,9985;;;;;;;;;;;
0;47;3;0,518314458;5,0102;;;;;;;;;;;
0;48;3;0,518314458;4,9238;;;;;;;;;;;
0;49;3;0,518314458;4,9262;;;;;;;;;;;
0;50;3;0,518314458;4,9116;;;;;;;;;;;
0;51;3;0,518314458;4,9680;;;;;;;;;;;
0;52;3;0,518314458;5,0165;;;;;;;;;;;
0;53;3;0,518314458;4,9138;;;;;;;;;;;
0;54;3;0,518314458;4,9444;;;;;;;;;;;
0;55;3;0,518314458;4,9898;;;;;;;;;;;
0;56;3;0,518314458;4,9178;;;;;;;;;;;
0;57;3;0,518314458;4,9317;;;;;;;;;;;
0;58;3;0,518314458;4,8809;;;;;;;;;;;
0;59;3;0,518314458;4,9457;;;;;;;;;;;
0;60;3;0,518314458;4,8941;;;;;;;;;;;
0;61;3;0,518314458;4,8501;;;;;;;;;;;
0;62;3;0,518314458;4,9195;;;;;;;;;;;
0;63;3;0,518314458;4,8922;;;;;;;;;;;
0;64;3;0,518314458;4,9874;;;;;;;;;;;
0;65;3;0,518314458;4,9050;;;;;;;;;;;
0;66;3;0,518314458;4,9866;;;;;;;;;;;
0;67;3;0,518314458;4,9480;;;;;;;;;;;
0;68;3;0,518314458;4,9254;;;;;;;;;;;
0;69;3;0,518314458;4,9076;;;;;;;;;;;
0;70;3;0,518314458;4,9887;;;;;;;;;;;
0;71;3;0,518314458;4,9567;;;;;;;;;;;
0;72;3;0,518314458;4,9249;;;;;;;;;;;
0;73;3;0,518314458;4,8860;;;;;;;;;;;
0;74;3;0,518314458;4,9150;;;;;;;;;;;
0;75;3;0,518314458;4,8987;;;;;;;;;;;
0;76;3;0,518314458;5,0380;;;;;;;;;;;
0;77;3;0,518314458;4,9036;;;;;;;;;;;
0;78;3;0,518314458;4,9354;;;;;;;;;;;
0;79;3;0,518314458;4,9310;;;;;;;;;;;
0;80;3;0,518314458;4,8605;;;;;;;;;;;
0;81;3;0,518314458;4,9145;;;;;;;;;;;
0;82;3;0,518314458;4,9557;;;;;;;;;;;
0;83;3;0,518314458;4,9278;;;;;;;;;;;
0;84;3;0,518314458;4,9503;;;;;;;;;;;
0;85;3;0,518314458;4,9338;;;;;;;;;;;
0;86;3;0,518314458;4,9431;;;;;;;;;;;
0;87;3;0,518314458;4,9233;;;;;;;;;;;
0;88;3;0,518314458;4,9651;;;;;;;;;;;
0;89;3;0,518314458;4,9756;;;;;;;;;;;
0;90;3;0,518314458;4,9730;;;;;;;;;;;
0;91;3;0,518314458;4,9372;;;;;;;;;;;
0;92;3;0,518314458;4,9234;;;;;;;;;;;
0;93;3;0,518314458;4,8941;;;;;;;;;;;
0;94;3;0,518314458;4,8923;;;;;;;;;;;
0;95;3;0,518314458;4,9471;;;;;;;;;;;
0;96;3;0,518314458;5,2364;;;;;;;;;;;
0;97;3;0,518314458;5,0589;;;;;;;;;;;
0;98;3;0,518314458;4,9182;;;;;;;;;;;
0;99;3;0,518314458;4,9628;;;;;;;;;;;
0;100;3;0,518314458;4,9646;;;;;;;;;;;
0;1;8;0,423218148;18,4413;;;;;;;;;;;
0;2;8;0,423218148;5,2412;;;;;;;;;;;
0;3;8;0,423218148;5,2293;;;;;;;;;;;
0;4;8;0,423218148;5,2646;;;;;;;;;;;
0;5;8;0,423218148;5,5220;;;;;;;;;;;
0;6;8;0,423218148;5,5891;;;;;;;;;;;
0;7;8;0,423218148;6,0798;;;;;;;;;;;
0;8;8;0,423218148;5,2860;;;;;;;;;;;
0;9;8;0,423218148;5,2477;;;;;;;;;;;
0;10;8;0,423218148;5,2497;;;;;;;;;;;
0;11;8;0,423218148;5,1996;;;;;;;;;;;
0;12;8;0,423218148;5,2430;;;;;;;;;;;
0;13;8;0,423218148;5,2425;;;;;;;;;;;
0;14;8;0,423218148;5,1793;;;;;;;;;;;
0;15;8;0,423218148;5,2555;;;;;;;;;;;
0;16;8;0,423218148;5,3856;;;;;;;;;;;
0;17;8;0,423218148;5,3554;;;;;;;;;;;
0;18;8;0,423218148;5,2176;;;;;;;;;;;
0;19;8;0,423218148;5,2118;;;;;;;;;;;
0;20;8;0,423218148;5,3070;;;;;;;;;;;
0;21;8;0,423218148;5,2156;;;;;;;;;;;
0;22;8;0,423218148;5,1521;;;;;;;;;;;
0;23;8;0,423218148;5,2157;;;;;;;;;;;
0;24;8;0,423218148;5,1620;;;;;;;;;;;
0;25;8;0,423218148;5,2271;;;;;;;;;;;
0;26;8;0,423218148;5,2235;;;;;;;;;;;
0;27;8;0,423218148;5,1267;;;;;;;;;;;
0;28;8;0,423218148;5,1704;;;;;;;;;;;
0;29;8;0,423218148;5,2234;;;;;;;;;;;
0;30;8;0,423218148;5,0969;;;;;;;;;;;
0;31;8;0,423218148;5,1688;;;;;;;;;;;
0;32;8;0,423218148;5,2275;;;;;;;;;;;
0;33;8;0,423218148;5,1698;;;;;;;;;;;
0;34;8;0,423218148;5,2224;;;;;;;;;;;
0;35;8;0,423218148;5,1869;;;;;;;;;;;
0;36;8;0,423218148;5,1774;;;;;;;;;;;
0;37;8;0,423218148;5,1503;;;;;;;;;;;
0;38;8;0,423218148;5,1839;;;;;;;;;;;
0;39;8;0,423218148;5,2300;;;;;;;;;;;
0;40;8;0,423218148;5,1855;;;;;;;;;;;
0;41;8;0,423218148;5,2511;;;;;;;;;;;
0;42;8;0,423218148;5,1794;;;;;;;;;;;
0;43;8;0,423218148;5,2226;;;;;;;;;;;
0;44;8;0,423218148;5,2456;;;;;;;;;;;
0;45;8;0,423218148;5,2134;;;;;;;;;;;
0;46;8;0,423218148;5,2062;;;;;;;;;;;
0;47;8;0,423218148;5,1708;;;;;;;;;;;
0;48;8;0,423218148;5,1806;;;;;;;;;;;
0;49;8;0,423218148;5,2103;;;;;;;;;;;
0;50;8;0,423218148;5,1297;;;;;;;;;;;
0;51;8;0,423218148;5,2039;;;;;;;;;;;
0;52;8;0,423218148;5,3195;;;;;;;;;;;
0;53;8;0,423218148;5,1700;;;;;;;;;;;
0;54;8;0,423218148;5,2194;;;;;;;;;;;
0;55;8;0,423218148;5,2063;;;;;;;;;;;
0;56;8;0,423218148;5,1774;;;;;;;;;;;
0;57;8;0,423218148;5,3390;;;;;;;;;;;
0;58;8;0,423218148;5,2519;;;;;;;;;;;
0;59;8;0,423218148;5,1955;;;;;;;;;;;
0;60;8;0,423218148;5,1305;;;;;;;;;;;
0;61;8;0,423218148;5,1867;;;;;;;;;;;
0;62;8;0,423218148;5,1932;;;;;;;;;;;
0;63;8;0,423218148;5,2024;;;;;;;;;;;
0;64;8;0,423218148;5,1896;;;;;;;;;;;
0;65;8;0,423218148;5,2158;;;;;;;;;;;
0;66;8;0,423218148;5,1923;;;;;;;;;;;
0;67;8;0,423218148;5,2622;;;;;;;;;;;
0;68;8;0,423218148;5,1472;;;;;;;;;;;
0;69;8;0,423218148;5,2133;;;;;;;;;;;
0;70;8;0,423218148;5,1426;;;;;;;;;;;
0;71;8;0,423218148;5,2143;;;;;;;;;;;
0;72;8;0,423218148;5,1745;;;;;;;;;;;
0;73;8;0,423218148;5,2038;;;;;;;;;;;
0;74;8;0,423218148;5,1972;;;;;;;;;;;
0;75;8;0,423218148;5,2595;;;;;;;;;;;
0;76;8;0,423218148;5,2430;;;;;;;;;;;
0;77;8;0,423218148;5,2229;;;;;;;;;;;
0;78;8;0,423218148;5,1504;;;;;;;;;;;
0;79;8;0,423218148;5,1726;;;;;;;;;;;
0;80;8;0,423218148;5,1750;;;;;;;;;;;
0;81;8;0,423218148;5,1504;;;;;;;;;;;
0;82;8;0,423218148;5,1468;;;;;;;;;;;
0;83;8;0,423218148;5,1342;;;;;;;;;;;
0;84;8;0,423218148;5,1887;;;;;;;;;;;
0;85;8;0,423218148;5,1509;;;;;;;;;;;
0;86;8;0,423218148;5,1335;;;;;;;;;;;
0;87;8;0,423218148;5,1790;;;;;;;;;;;
0;88;8;0,423218148;5,2001;;;;;;;;;;;
0;89;8;0,423218148;5,1676;;;;;;;;;;;
0;90;8;0,423218148;5,2187;;;;;;;;;;;
0;91;8;0,423218148;5,1410;;;;;;;;;;;
0;92;8;0,423218148;5,2122;;;;;;;;;;;
0;93;8;0,423218148;5,1365;;;;;;;;;;;
0;94;8;0,423218148;5,1829;;;;;;;;;;;
0;95;8;0,423218148;5,1514;;;;;;;;;;;
0;96;8;0,423218148;5,2348;;;;;;;;;;;
0;97;8;0,423218148;5,1995;;;;;;;;;;;
0;98;8;0,423218148;5,2244;;;;;;;;;;;
0;99;8;0,423218148;5,2279;;;;;;;;;;;
0;100;8;0,423218148;5,1433;;;;;;;;;;;
0;1;7;0,744689713;15,4402;;;;;;;;;;;
0;2;7;0,744689713;5,2396;;;;;;;;;;;
0;3;7;0,744689713;5,3033;;;;;;;;;;;
0;4;7;0,744689713;5,2262;;;;;;;;;;;
0;5;7;0,744689713;5,2369;;;;;;;;;;;
0;6;7;0,744689713;5,2234;;;;;;;;;;;
0;7;7;0,744689713;5,2668;;;;;;;;;;;
0;8;7;0,744689713;5,2652;;;;;;;;;;;
0;9;7;0,744689713;5,2071;;;;;;;;;;;
0;10;7;0,744689713;5,2062;;;;;;;;;;;
0;11;7;0,744689713;5,2617;;;;;;;;;;;
0;12;7;0,744689713;5,1618;;;;;;;;;;;
0;13;7;0,744689713;5,2232;;;;;;;;;;;
0;14;7;0,744689713;5,2801;;;;;;;;;;;
0;15;7;0,744689713;5,2219;;;;;;;;;;;
0;16;7;0,744689713;5,3351;;;;;;;;;;;
0;17;7;0,744689713;5,2621;;;;;;;;;;;
0;18;7;0,744689713;5,2179;;;;;;;;;;;
0;19;7;0,744689713;5,3504;;;;;;;;;;;
0;20;7;0,744689713;5,2350;;;;;;;;;;;
0;21;7;0,744689713;5,2291;;;;;;;;;;;
0;22;7;0,744689713;5,2199;;;;;;;;;;;
0;23;7;0,744689713;5,2962;;;;;;;;;;;
0;24;7;0,744689713;5,3100;;;;;;;;;;;
0;25;7;0,744689713;5,2629;;;;;;;;;;;
0;26;7;0,744689713;5,1708;;;;;;;;;;;
0;27;7;0,744689713;5,2496;;;;;;;;;;;
0;28;7;0,744689713;5,2443;;;;;;;;;;;
0;29;7;0,744689713;5,2186;;;;;;;;;;;
0;30;7;0,744689713;5,2620;;;;;;;;;;;
0;31;7;0,744689713;5,2911;;;;;;;;;;;
0;32;7;0,744689713;5,2463;;;;;;;;;;;
0;33;7;0,744689713;5,3310;;;;;;;;;;;
0;34;7;0,744689713;5,2697;;;;;;;;;;;
0;35;7;0,744689713;5,2547;;;;;;;;;;;
0;36;7;0,744689713;5,6533;;;;;;;;;;;
0;37;7;0,744689713;5,2561;;;;;;;;;;;
0;38;7;0,744689713;5,7074;;;;;;;;;;;
0;39;7;0,744689713;5,3224;;;;;;;;;;;
0;40;7;0,744689713;5,1905;;;;;;;;;;;
0;41;7;0,744689713;5,1943;;;;;;;;;;;
0;42;7;0,744689713;5,3717;;;;;;;;;;;
0;43;7;0,744689713;5,1648;;;;;;;;;;;
0;44;7;0,744689713;5,2092;;;;;;;;;;;
0;45;7;0,744689713;5,2833;;;;;;;;;;;
0;46;7;0,744689713;5,2440;;;;;;;;;;;
0;47;7;0,744689713;5,2954;;;;;;;;;;;
0;48;7;0,744689713;5,2575;;;;;;;;;;;
0;49;7;0,744689713;5,1829;;;;;;;;;;;
0;50;7;0,744689713;5,2045;;;;;;;;;;;
0;51;7;0,744689713;5,2137;;;;;;;;;;;
0;52;7;0,744689713;5,2407;;;;;;;;;;;
0;53;7;0,744689713;5,2354;;;;;;;;;;;
0;54;7;0,744689713;5,2268;;;;;;;;;;;
0;55;7;0,744689713;5,2436;;;;;;;;;;;
0;56;7;0,744689713;5,2847;;;;;;;;;;;
0;57;7;0,744689713;5,2270;;;;;;;;;;;
0;58;7;0,744689713;5,2479;;;;;;;;;;;
0;59;7;0,744689713;5,2439;;;;;;;;;;;
0;60;7;0,744689713;5,1803;;;;;;;;;;;
0;61;7;0,744689713;5,2436;;;;;;;;;;;
0;62;7;0,744689713;5,2197;;;;;;;;;;;
0;63;7;0,744689713;5,2184;;;;;;;;;;;
0;64;7;0,744689713;5,2820;;;;;;;;;;;
0;65;7;0,744689713;5,3142;;;;;;;;;;;
0;66;7;0,744689713;5,1999;;;;;;;;;;;
0;67;7;0,744689713;5,2552;;;;;;;;;;;
0;68;7;0,744689713;5,1910;;;;;;;;;;;
0;69;7;0,744689713;5,1684;;;;;;;;;;;
0;70;7;0,744689713;5,1771;;;;;;;;;;;
0;71;7;0,744689713;5,2548;;;;;;;;;;;
0;72;7;0,744689713;5,2507;;;;;;;;;;;
0;73;7;0,744689713;5,3112;;;;;;;;;;;
0;74;7;0,744689713;5,1919;;;;;;;;;;;
0;75;7;0,744689713;5,2329;;;;;;;;;;;
0;76;7;0,744689713;5,2365;;;;;;;;;;;
0;77;7;0,744689713;5,2180;;;;;;;;;;;
0;78;7;0,744689713;5,2227;;;;;;;;;;;
0;79;7;0,744689713;5,2330;;;;;;;;;;;
0;80;7;0,744689713;5,2204;;;;;;;;;;;
0;81;7;0,744689713;5,2316;;;;;;;;;;;
0;82;7;0,744689713;5,2192;;;;;;;;;;;
0;83;7;0,744689713;5,2394;;;;;;;;;;;
0;84;7;0,744689713;5,2432;;;;;;;;;;;
0;85;7;0,744689713;5,2329;;;;;;;;;;;
0;86;7;0,744689713;5,2012;;;;;;;;;;;
0;87;7;0,744689713;5,3452;;;;;;;;;;;
0;88;7;0,744689713;5,4273;;;;;;;;;;;
0;89;7;0,744689713;5,2675;;;;;;;;;;;
0;90;7;0,744689713;5,2977;;;;;;;;;;;
0;91;7;0,744689713;5,2722;;;;;;;;;;;
0;92;7;0,744689713;5,2113;;;;;;;;;;;
0;93;7;0,744689713;5,2006;;;;;;;;;;;
0;94;7;0,744689713;5,2770;;;;;;;;;;;
0;95;7;0,744689713;5,2298;;;;;;;;;;;
0;96;7;0,744689713;5,2100;;;;;;;;;;;
0;97;7;0,744689713;5,1988;;;;;;;;;;;
0;98;7;0,744689713;5,1894;;;;;;;;;;;
0;99;7;0,744689713;5,2554;;;;;;;;;;;
0;100;7;0,744689713;5,1722;;;;;;;;;;;
0;1;5;0,572798694;13,3726;;;;;;;;;;;
0;2;2;0;5,4593;;;;;;;;;;;
0;3;1;0;5,5445;;;;;;;;;;;
0;4;2;0,007462582;5,3865;;;;;;;;;;;
0;5;3;0,062897445;5,4045;;;;;;;;;;;
0;6;5;0,523310381;5,2705;;;;;;;;;;;
0;7;5;0,523310381;5,3291;;;;;;;;;;;
0;8;5;0,523310381;5,2965;;;;;;;;;;;
0;9;5;0,523310381;5,3571;;;;;;;;;;;
0;10;5;0,523310381;5,3611;;;;;;;;;;;
0;11;5;0,523310381;5,2883;;;;;;;;;;;
0;12;5;0,523310381;5,3927;;;;;;;;;;;
0;13;5;0,523310381;5,4822;;;;;;;;;;;
0;14;5;0,523310381;5,4270;;;;;;;;;;;
0;15;5;0,523310381;5,4034;;;;;;;;;;;
0;16;5;0,523310381;6,3535;;;;;;;;;;;
0;17;5;0,523310381;5,3369;;;;;;;;;;;
0;18;5;0,523310381;5,3547;;;;;;;;;;;
0;19;5;0,523310381;5,3546;;;;;;;;;;;
0;20;5;0,523310381;5,3472;;;;;;;;;;;
0;21;5;0,523310381;5,3718;;;;;;;;;;;
0;22;5;0,523310381;5,3788;;;;;;;;;;;
0;23;5;0,523310381;5,3785;;;;;;;;;;;
0;24;5;0,523310381;5,2770;;;;;;;;;;;
0;25;5;0,523310381;5,3154;;;;;;;;;;;
0;26;5;0,523310381;5,3627;;;;;;;;;;;
0;27;5;0,523310381;5,3349;;;;;;;;;;;
0;28;5;0,523310381;5,3506;;;;;;;;;;;
0;29;5;0,523310381;5,3014;;;;;;;;;;;
0;30;5;0,523310381;5,3912;;;;;;;;;;;
0;31;5;0,523310381;5,4435;;;;;;;;;;;
0;32;5;0,523310381;5,3576;;;;;;;;;;;
0;33;5;0,523310381;5,3436;;;;;;;;;;;
0;34;5;0,523310381;5,3274;;;;;;;;;;;
0;35;5;0,523310381;5,3833;;;;;;;;;;;
0;36;5;0,523310381;5,3113;;;;;;;;;;;
0;37;5;0,523310381;5,3902;;;;;;;;;;;
0;38;5;0,523310381;5,3349;;;;;;;;;;;
0;39;5;0,523310381;5,3468;;;;;;;;;;;
0;40;5;0,523310381;5,3549;;;;;;;;;;;
0;41;5;0,523310381;5,3965;;;;;;;;;;;
0;42;5;0,523310381;5,3729;;;;;;;;;;;
0;43;5;0,523310381;5,3561;;;;;;;;;;;
0;44;5;0,523310381;5,3616;;;;;;;;;;;
0;45;5;0,523310381;5,2834;;;;;;;;;;;
0;46;5;0,523310381;5,3367;;;;;;;;;;;
0;47;5;0,523310381;5,2656;;;;;;;;;;;
0;48;5;0,523310381;5,4045;;;;;;;;;;;
0;49;5;0,523310381;5,3184;;;;;;;;;;;
0;50;5;0,523310381;5,3630;;;;;;;;;;;
0;51;5;0,523310381;5,3008;;;;;;;;;;;
0;52;5;0,523310381;5,3351;;;;;;;;;;;
0;53;5;0,523310381;5,3121;;;;;;;;;;;
0;54;5;0,523310381;5,3644;;;;;;;;;;;
0;55;5;0,523310381;5,9944;;;;;;;;;;;
0;56;5;0,523310381;5,5507;;;;;;;;;;;
0;57;5;0,523310381;5,5774;;;;;;;;;;;
0;58;5;0,523310381;5,7788;;;;;;;;;;;
0;59;5;0,523310381;5,3493;;;;;;;;;;;
0;60;5;0,523310381;5,2867;;;;;;;;;;;
0;61;5;0,523310381;5,3505;;;;;;;;;;;
0;62;5;0,523310381;5,3770;;;;;;;;;;;
0;63;5;0,523310381;5,3455;;;;;;;;;;;
0;64;5;0,523310381;5,3203;;;;;;;;;;;
0;65;5;0,523310381;5,3300;;;;;;;;;;;
0;66;5;0,523310381;5,3059;;;;;;;;;;;
0;67;5;0,523310381;5,3161;;;;;;;;;;;
0;68;5;0,523310381;5,3776;;;;;;;;;;;
0;69;5;0,523310381;5,4428;;;;;;;;;;;
0;70;5;0,523310381;5,3939;;;;;;;;;;;
0;71;5;0,523310381;5,3519;;;;;;;;;;;
0;72;5;0,523310381;5,3085;;;;;;;;;;;
0;73;5;0,523310381;5,3153;;;;;;;;;;;
0;74;5;0,523310381;5,3589;;;;;;;;;;;
0;75;5;0,523310381;5,3368;;;;;;;;;;;
0;76;5;0,523310381;5,3694;;;;;;;;;;;
0;77;5;0,523310381;5,3541;;;;;;;;;;;
0;78;5;0,523310381;5,4047;;;;;;;;;;;
0;79;5;0,523310381;5,3650;;;;;;;;;;;
0;80;5;0,523310381;5,4163;;;;;;;;;;;
0;81;5;0,523310381;5,3647;;;;;;;;;;;
0;82;5;0,523310381;5,2915;;;;;;;;;;;
0;83;5;0,523310381;5,3140;;;;;;;;;;;
0;84;5;0,523310381;5,3540;;;;;;;;;;;
0;85;5;0,523310381;5,3931;;;;;;;;;;;
0;86;5;0,523310381;5,2582;;;;;;;;;;;
0;87;5;0,523310381;5,4156;;;;;;;;;;;
0;88;5;0,523310381;5,3568;;;;;;;;;;;
0;89;5;0,523310381;5,3427;;;;;;;;;;;
0;90;5;0,523310381;5,3198;;;;;;;;;;;
0;91;5;0,523310381;5,3237;;;;;;;;;;;
0;92;5;0,523310381;5,2914;;;;;;;;;;;
0;93;5;0,523310381;5,2853;;;;;;;;;;;
0;94;5;0,523310381;5,4016;;;;;;;;;;;
0;95;5;0,523310381;5,3488;;;;;;;;;;;
0;96;5;0,523310381;5,2840;;;;;;;;;;;
0;97;5;0,523310381;5,3833;;;;;;;;;;;
0;98;5;0,523310381;5,3808;;;;;;;;;;;
0;99;5;0,523310381;5,3009;;;;;;;;;;;
0;100;5;0,523310381;5,2775;;;;;;;;;;;
0;1;8;0,608506314;11,3114;;;;;;;;;;;
0;2;8;0,608506314;5,1929;;;;;;;;;;;
0;3;8;0,608506314;5,2324;;;;;;;;;;;
0;4;8;0,608506314;5,2204;;;;;;;;;;;
0;5;8;0,608506314;5,1592;;;;;;;;;;;
0;6;8;0,608506314;5,2326;;;;;;;;;;;
0;7;8;0,608506314;5,2592;;;;;;;;;;;
0;8;8;0,608506314;5,1441;;;;;;;;;;;
0;9;8;0,608506314;5,2288;;;;;;;;;;;
0;10;8;0,608506314;5,1632;;;;;;;;;;;
0;11;8;0,608506314;5,1918;;;;;;;;;;;
0;12;8;0,608506314;5,1840;;;;;;;;;;;
0;13;8;0,608506314;5,2563;;;;;;;;;;;
0;14;8;0,608506314;5,1531;;;;;;;;;;;
0;15;8;0,608506314;5,2154;;;;;;;;;;;
0;16;8;0,608506314;5,2965;;;;;;;;;;;
0;17;8;0,608506314;5,1962;;;;;;;;;;;
0;18;8;0,608506314;5,2971;;;;;;;;;;;
0;19;8;0,608506314;5,1925;;;;;;;;;;;
0;20;8;0,608506314;5,1906;;;;;;;;;;;
0;21;8;0,608506314;5,2046;;;;;;;;;;;
0;22;8;0,608506314;5,1740;;;;;;;;;;;
0;23;8;0,608506314;5,2053;;;;;;;;;;;
0;24;8;0,608506314;5,2022;;;;;;;;;;;
0;25;8;0,608506314;5,1341;;;;;;;;;;;
0;26;8;0,608506314;5,2674;;;;;;;;;;;
0;27;8;0,608506314;5,2111;;;;;;;;;;;
0;28;8;0,608506314;5,1945;;;;;;;;;;;
0;29;8;0,608506314;5,1881;;;;;;;;;;;
0;30;8;0,608506314;5,2758;;;;;;;;;;;
0;31;8;0,608506314;5,1580;;;;;;;;;;;
0;32;8;0,608506314;5,1687;;;;;;;;;;;
0;33;8;0,608506314;5,2107;;;;;;;;;;;
0;34;8;0,608506314;5,1907;;;;;;;;;;;
0;35;8;0,608506314;5,2360;;;;;;;;;;;
0;36;8;0,608506314;5,2442;;;;;;;;;;;
0;37;8;0,608506314;5,2108;;;;;;;;;;;
0;38;8;0,608506314;5,1614;;;;;;;;;;;
0;39;8;0,608506314;5,2502;;;;;;;;;;;
0;40;8;0,608506314;5,1539;;;;;;;;;;;
0;41;8;0,608506314;5,2539;;;;;;;;;;;
0;42;8;0,608506314;5,2228;;;;;;;;;;;
0;43;8;0,608506314;5,1306;;;;;;;;;;;
0;44;8;0,608506314;5,2409;;;;;;;;;;;
0;45;8;0,608506314;5,2272;;;;;;;;;;;
0;46;8;0,608506314;5,1447;;;;;;;;;;;
0;47;8;0,608506314;5,2003;;;;;;;;;;;
0;48;8;0,608506314;5,1456;;;;;;;;;;;
0;49;8;0,608506314;5,2194;;;;;;;;;;;
0;50;8;0,608506314;5,1956;;;;;;;;;;;
0;51;8;0,608506314;5,1522;;;;;;;;;;;
0;52;8;0,608506314;5,2469;;;;;;;;;;;
0;53;8;0,608506314;5,2842;;;;;;;;;;;
0;54;8;0,608506314;5,2225;;;;;;;;;;;
0;55;8;0,608506314;5,2692;;;;;;;;;;;
0;56;8;0,608506314;5,1877;;;;;;;;;;;
0;57;8;0,608506314;5,2040;;;;;;;;;;;
0;58;8;0,608506314;5,1840;;;;;;;;;;;
0;59;8;0,608506314;5,2289;;;;;;;;;;;
0;60;8;0,608506314;5,1983;;;;;;;;;;;
0;61;8;0,608506314;5,4991;;;;;;;;;;;
0;62;8;0,608506314;5,2095;;;;;;;;;;;
0;63;8;0,608506314;5,1660;;;;;;;;;;;
0;64;8;0,608506314;5,1755;;;;;;;;;;;
0;65;8;0,608506314;5,2041;;;;;;;;;;;
0;66;8;0,608506314;5,2420;;;;;;;;;;;
0;67;8;0,608506314;5,1716;;;;;;;;;;;
0;68;8;0,608506314;5,2052;;;;;;;;;;;
0;69;8;0,608506314;5,1829;;;;;;;;;;;
0;70;8;0,608506314;5,2235;;;;;;;;;;;
0;71;8;0,608506314;5,1836;;;;;;;;;;;
0;72;8;0,608506314;5,1568;;;;;;;;;;;
0;73;8;0,608506314;5,2570;;;;;;;;;;;
0;74;8;0,608506314;5,1951;;;;;;;;;;;
0;75;8;0,608506314;5,1805;;;;;;;;;;;
0;76;8;0,608506314;5,2692;;;;;;;;;;;
0;77;8;0,608506314;5,1490;;;;;;;;;;;
0;78;8;0,608506314;5,2251;;;;;;;;;;;
0;79;8;0,608506314;5,1858;;;;;;;;;;;
0;80;8;0,608506314;5,2018;;;;;;;;;;;
0;81;8;0,608506314;5,1105;;;;;;;;;;;
0;82;8;0,608506314;5,2384;;;;;;;;;;;
0;83;8;0,608506314;5,1479;;;;;;;;;;;
0;84;8;0,608506314;5,3056;;;;;;;;;;;
0;85;8;0,608506314;5,1821;;;;;;;;;;;
0;86;8;0,608506314;5,2392;;;;;;;;;;;
0;87;8;0,608506314;5,5412;;;;;;;;;;;
0;88;8;0,608506314;5,4382;;;;;;;;;;;
0;89;8;0,608506314;5,1964;;;;;;;;;;;
0;90;8;0,608506314;5,2332;;;;;;;;;;;
0;91;8;0,608506314;5,2107;;;;;;;;;;;
0;92;8;0,608506314;5,1753;;;;;;;;;;;
0;93;8;0,608506314;5,1999;;;;;;;;;;;
0;94;8;0,608506314;5,1265;;;;;;;;;;;
0;95;8;0,608506314;5,2111;;;;;;;;;;;
0;96;8;0,608506314;5,1940;;;;;;;;;;;
0;97;8;0,608506314;5,1412;;;;;;;;;;;
0;98;8;0,608506314;5,1831;;;;;;;;;;;
0;99;8;0,608506314;5,2531;;;;;;;;;;;
0;100;8;0,608506314;5,1644;;;;;;;;;;;
0;1;7;0,564990966;16,1436;;;;;;;;;;;
0;2;7;0,564990966;7,6951;;;;;;;;;;;
0;3;7;0,564990966;6,7797;;;;;;;;;;;
0;4;7;0,564990966;6,7290;;;;;;;;;;;
0;5;7;0,564990966;6,3434;;;;;;;;;;;
0;6;7;0,564990966;7,6930;;;;;;;;;;;
0;7;7;0,564990966;4,8450;;;;;;;;;;;
0;8;7;0,564990966;5,1893;;;;;;;;;;;
0;9;7;0,564990966;5,1513;;;;;;;;;;;
0;10;7;0,564990966;4,7923;;;;;;;;;;;
0;11;7;0,564990966;5,1371;;;;;;;;;;;
0;12;7;0,564990966;4,8785;;;;;;;;;;;
0;13;7;0,564990966;4,8128;;;;;;;;;;;
0;14;7;0,564990966;4,8424;;;;;;;;;;;
0;15;7;0,564990966;4,8663;;;;;;;;;;;
0;16;7;0,564990966;4,9441;;;;;;;;;;;
0;17;7;0,564990966;4,8370;;;;;;;;;;;
0;18;7;0,564990966;4,8505;;;;;;;;;;;
0;19;7;0,564990966;4,8472;;;;;;;;;;;
0;20;7;0,564990966;5,1675;;;;;;;;;;;
0;21;7;0,564990966;5,6048;;;;;;;;;;;
0;22;7;0,564990966;5,1912;;;;;;;;;;;
0;23;7;0,564990966;6,8267;;;;;;;;;;;
0;24;7;0,564990966;6,7854;;;;;;;;;;;
0;25;7;0,564990966;5,2262;;;;;;;;;;;
0;26;7;0,564990966;5,2456;;;;;;;;;;;
0;27;7;0,564990966;4,7183;;;;;;;;;;;
0;28;7;0,564990966;5,4856;;;;;;;;;;;
0;29;7;0,564990966;5,0911;;;;;;;;;;;
0;30;7;0,564990966;4,6938;;;;;;;;;;;
0;31;7;0,564990966;5,3108;;;;;;;;;;;
0;32;7;0,564990966;5,0542;;;;;;;;;;;
0;33;7;0,564990966;5,1636;;;;;;;;;;;
0;34;7;0,564990966;4,7570;;;;;;;;;;;
0;35;7;0,564990966;4,7297;;;;;;;;;;;
0;36;7;0,564990966;5,3624;;;;;;;;;;;
0;37;7;0,564990966;4,7265;;;;;;;;;;;
0;38;7;0,564990966;5,0974;;;;;;;;;;;
0;39;7;0,564990966;4,7740;;;;;;;;;;;
0;40;7;0,564990966;4,7294;;;;;;;;;;;
0;41;7;0,564990966;4,7096;;;;;;;;;;;
0;42;7;0,564990966;4,7529;;;;;;;;;;;
0;43;7;0,564990966;4,6767;;;;;;;;;;;
0;44;7;0,564990966;5,1296;;;;;;;;;;;
0;45;7;0,564990966;4,7651;;;;;;;;;;;
0;46;7;0,564990966;5,0732;;;;;;;;;;;
0;47;7;0,564990966;4,7416;;;;;;;;;;;
0;48;7;0,564990966;4,9308;;;;;;;;;;;
0;49;7;0,564990966;5,3065;;;;;;;;;;;
0;50;7;0,564990966;4,7070;;;;;;;;;;;
0;51;7;0,564990966;4,7608;;;;;;;;;;;
0;52;7;0,564990966;4,8956;;;;;;;;;;;
0;53;7;0,564990966;4,7948;;;;;;;;;;;
0;54;7;0,564990966;4,6834;;;;;;;;;;;
0;55;7;0,564990966;4,6282;;;;;;;;;;;
0;56;7;0,564990966;4,7168;;;;;;;;;;;
0;57;7;0,564990966;5,0938;;;;;;;;;;;
0;58;7;0,564990966;5,1393;;;;;;;;;;;
0;59;7;0,564990966;4,7493;;;;;;;;;;;
0;60;7;0,564990966;4,7348;;;;;;;;;;;
0;61;7;0,564990966;4,9758;;;;;;;;;;;
0;62;7;0,564990966;5,1632;;;;;;;;;;;
0;63;7;0,564990966;5,1453;;;;;;;;;;;
0;64;7;0,564990966;4,7347;;;;;;;;;;;
0;65;7;0,564990966;5,0660;;;;;;;;;;;
0;66;7;0,564990966;4,7041;;;;;;;;;;;
0;67;7;0,564990966;4,7691;;;;;;;;;;;
0;68;7;0,564990966;4,7335;;;;;;;;;;;
0;69;7;0,564990966;4,7692;;;;;;;;;;;
0;70;7;0,564990966;4,6915;;;;;;;;;;;
0;71;7;0,564990966;4,7225;;;;;;;;;;;
0;72;7;0,564990966;4,7116;;;;;;;;;;;
0;73;7;0,564990966;4,7051;;;;;;;;;;;
0;74;7;0,564990966;4,6995;;;;;;;;;;;
0;75;7;0,564990966;4,6975;;;;;;;;;;;
0;76;7;0,564990966;6,7563;;;;;;;;;;;
0;77;7;0,564990966;6,2459;;;;;;;;;;;
0;78;7;0,564990966;6,4713;;;;;;;;;;;
0;79;7;0,564990966;6,9543;;;;;;;;;;;
0;80;7;0,564990966;6,6978;;;;;;;;;;;
0;81;7;0,564990966;6,6069;;;;;;;;;;;
0;82;7;0,564990966;9,7725;;;;;;;;;;;
0;83;7;0,564990966;5,0528;;;;;;;;;;;
0;84;7;0,564990966;5,0194;;;;;;;;;;;
0;85;7;0,564990966;5,1245;;;;;;;;;;;
0;86;7;0,564990966;5,0233;;;;;;;;;;;
0;87;7;0,564990966;5,0156;;;;;;;;;;;
0;88;7;0,564990966;5,0966;;;;;;;;;;;
0;89;7;0,564990966;5,0828;;;;;;;;;;;
0;90;7;0,564990966;5,0310;;;;;;;;;;;
0;91;7;0,564990966;5,0443;;;;;;;;;;;
0;92;7;0,564990966;5,0420;;;;;;;;;;;
0;93;7;0,564990966;5,0478;;;;;;;;;;;
0;94;7;0,564990966;5,1523;;;;;;;;;;;
0;95;7;0,564990966;5,0831;;;;;;;;;;;
0;96;7;0,564990966;5,0817;;;;;;;;;;;
0;97;7;0,564990966;5,0673;;;;;;;;;;;
0;98;7;0,564990966;5,0413;;;;;;;;;;;
0;99;7;0,564990966;5,0573;;;;;;;;;;;
0;100;7;0,564990966;5,0927;;;;;;;;;;;
;;;;;;;;;;;;;;;
;;1;6,576;5,6149;;;;;;;;;;;
;;9;9;4,6282;;;;;;;;;;;