0;1;10;0,724247685;29,5673;;;;;;;;;GN;;louvain
0;2;10;0,724247685;20,6696;1;0,724247685;;1;20,14454805;;26,43143624;;9,286635876;;0,095218182
0;3;10;0,724247685;27,2177;;0,724247685;;;18,52433991;;18,37837274;;8,968057871;;0,096569061
0;4;10;0,724247685;24,1695;;;;;;;;;8,912295818;;0,148729801
0;5;10;0,724247685;28,7192;2;0,162834057;;2;18,08231682;;;;9,068838835;;0,113101006
0;6;10;0,724247685;20,0384;;0,204223633;;;17,04025197;;;;9,053297043;;0,095133781
0;7;10;0,724247685;19,6293;;;;;;;;;9,496299028;;0,086739779
0;8;10;0,724247685;19,7903;3;0,419581025;;3;24,30937502;;0,724247685;;10,06924391;;0,091954947
0;9;10;0,724247685;19,9819;;0,419581025;;;17,1628561;;;;8,982967854;;0,117577076
0;10;10;0,724247685;18,5859;;;;;;;;;9,141629219;;0,095561981
0;11;10;0,724247685;18,6352;4;0,304106328;;4;20,91683419;;;;8,963794947;;0,092251778
0;12;10;0,724247685;18,7441;;0,304106328;;;17,43548393;;;;;;
0;13;10;0,724247685;19,0461;;;;;;;;;;;
0;14;10;0,724247685;20,1255;5;0,610639575;;5;23,94561013;;;;;;
0;15;10;0,724247685;18,6876;;0,610639575;;;18,3549788;;;;;;
0;16;10;0,724247685;21,1787;;;;;;;;;;;
0;17;10;0,724247685;28,2411;6;0,649397448;;6;23,05565692;;;;;;
0;18;10;0,724247685;25,1580;;0,649397448;;;20,12089992;;;;;;
0;19;10;0,724247685;23,8377;;;;;;;;;;;
0;20;10;0,724247685;25,4761;7;0,58949471;;7;23,94100461;;;;;;
0;21;10;0,724247685;22,8566;;0,58949471;;;19,9345119;;;;;;
0;22;10;0,724247685;20,9023;;;;;;;;;;;
0;23;10;0,724247685;25,2220;8;0,362302996;;8;60,52917793;;;;;;
0;24;10;0,724247685;24,1762;;0,422249438;;;17,87267709;;;;;;
0;25;10;0,724247685;21,4056;;;;;;;;;;;
0;26;10;0,724247685;20,0340;9;0,285338967;;9;29,01847114;;;;;;
0;27;10;0,724247685;19,3237;;0,504756352;;;20,07504988;;;;;;
0;28;10;0,724247685;20,8349;;;;;;;;;;;
0;29;10;0,724247685;19,9575;10;0,092538817;;10;20,37136759;;;;;;
0;30;10;0,724247685;20,2429;;0,329526389;;;17,26267791;;;;;;
0;31;10;0,724247685;20,7519;;;;;;;;;;;
0;32;10;0,724247685;20,3981;;;;;;;;;;;
0;33;10;0,724247685;18,7825;;;;;;;;;;;
0;34;10;0,724247685;19,8329;;;;;;;;;;;
0;35;10;0,724247685;19,9414;;;;;;;;;;;
0;36;10;0,724247685;20,4945;;;;;;;;;;;
0;37;10;0,724247685;20,0368;;;;;;;;;;;
0;38;10;0,724247685;18,6112;;;;;;;;;;;
0;39;10;0,724247685;20,3415;;;;;;;;;;;
0;40;10;0,724247685;20,1970;;;;;;;;;;;
0;41;10;0,724247685;20,3940;;;;;;;;;;;
0;42;10;0,724247685;20,1871;;;;;;;;;;;
0;43;10;0,724247685;20,0550;;;;;;;;;;;
0;44;10;0,724247685;20,7117;;;;;;;;;;;
0;45;10;0,724247685;18,6580;;;;;;;;;;;
0;46;10;0,724247685;20,2240;;;;;;;;;;;
0;47;10;0,724247685;20,0028;;;;;;;;;;;
0;48;10;0,724247685;20,1815;;;;;;;;;;;
0;49;10;0,724247685;18,7248;;;;;;;;;;;
0;50;10;0,724247685;18,8263;;;;;;;;;;;
0;51;10;0,724247685;20,5619;;;;;;;;;;;
0;52;10;0,724247685;18,5243;;;;;;;;;;;
0;53;10;0,724247685;18,6336;;;;;;;;;;;
0;54;10;0,724247685;18,8056;;;;;;;;;;;
0;55;10;0,724247685;18,8990;;;;;;;;;;;
0;56;10;0,724247685;20,0596;;;;;;;;;;;
0;57;10;0,724247685;20,1080;;;;;;;;;;;
0;58;10;0,724247685;18,6792;;;;;;;;;;;
0;59;10;0,724247685;20,0350;;;;;;;;;;;
0;60;10;0,724247685;18,7512;;;;;;;;;;;
0;61;10;0,724247685;20,1830;;;;;;;;;;;
0;62;10;0,724247685;18,7678;;;;;;;;;;;
0;63;10;0,724247685;18,7926;;;;;;;;;;;
0;64;10;0,724247685;18,7041;;;;;;;;;;;
0;65;10;0,724247685;20,0854;;;;;;;;;;;
0;66;10;0,724247685;18,8824;;;;;;;;;;;
0;67;10;0,724247685;18,6252;;;;;;;;;;;
0;68;10;0,724247685;18,7611;;;;;;;;;;;
0;69;10;0,724247685;18,6753;;;;;;;;;;;
0;70;10;0,724247685;18,7407;;;;;;;;;;;
0;71;10;0,724247685;18,8753;;;;;;;;;;;
0;72;10;0,724247685;18,8310;;;;;;;;;;;
0;73;10;0,724247685;18,8155;;;;;;;;;;;
0;74;10;0,724247685;18,7116;;;;;;;;;;;
0;75;10;0,724247685;20,0223;;;;;;;;;;;
0;76;10;0,724247685;18,7857;;;;;;;;;;;
0;77;10;0,724247685;19,0694;;;;;;;;;;;
0;78;10;0,724247685;18,8071;;;;;;;;;;;
0;79;10;0,724247685;19,0866;;;;;;;;;;;
0;80;10;0,724247685;18,7942;;;;;;;;;;;
0;81;10;0,724247685;18,7520;;;;;;;;;;;
0;82;10;0,724247685;18,6362;;;;;;;;;;;
0;83;10;0,724247685;18,8242;;;;;;;;;;;
0;84;10;0,724247685;18,8195;;;;;;;;;;;
0;85;10;0,724247685;18,8137;;;;;;;;;;;
0;86;10;0,724247685;18,8664;;;;;;;;;;;
0;87;10;0,724247685;18,8787;;;;;;;;;;;
0;88;10;0,724247685;18,8189;;;;;;;;;;;
0;89;10;0,724247685;20,1221;;;;;;;;;;;
0;90;10;0,724247685;18,7825;;;;;;;;;;;
0;91;10;0,724247685;18,7922;;;;;;;;;;;
0;92;10;0,724247685;20,1309;;;;;;;;;;;
0;93;10;0,724247685;18,8311;;;;;;;;;;;
0;94;10;0,724247685;18,6454;;;;;;;;;;;
0;95;10;0,724247685;18,8812;;;;;;;;;;;
0;96;10;0,724247685;18,9324;;;;;;;;;;;
0;97;10;0,724247685;20,5203;;;;;;;;;;;
0;98;10;0,724247685;18,8942;;;;;;;;;;;
0;99;10;0,724247685;20,0449;;;;;;;;;;;
0;100;10;0,724247685;18,5860;;;;;;;;;;;
0;1;9;0,204223633;38,4070;;;;;;;;;;;
0;2;2;0;18,2465;;;;;;;;;;;
0;3;2;0;18,9566;;;;;;;;;;;
0;4;6;0,021946827;20,5278;;;;;;;;;;;
0;5;3;0,178021643;17,7521;;;;;;;;;;;
0;6;3;0,012202896;17,6115;;;;;;;;;;;
0;7;3;0,127357709;17,3671;;;;;;;;;;;
0;8;3;0,046213106;17,6643;;;;;;;;;;;
0;9;3;0,028088233;17,3788;;;;;;;;;;;
0;10;4;0,07095942;17,5412;;;;;;;;;;;
0;11;7;0,015947311;17,4743;;;;;;;;;;;
0;12;2;0,175690284;17,5731;;;;;;;;;;;
0;13;2;0,175690284;17,4597;;;;;;;;;;;
0;14;2;0,175515121;17,6061;;;;;;;;;;;
0;15;2;0,175165826;17,5620;;;;;;;;;;;
0;16;2;0,175165826;17,3616;;;;;;;;;;;
0;17;2;0,175165826;18,2462;;;;;;;;;;;
0;18;2;0,175165826;17,6186;;;;;;;;;;;
0;19;2;0,175165826;17,4461;;;;;;;;;;;
0;20;2;0,175165826;17,5071;;;;;;;;;;;
0;21;2;0,175165826;18,5881;;;;;;;;;;;
0;22;2;0,175165826;17,3776;;;;;;;;;;;
0;23;2;0,175165826;17,5985;;;;;;;;;;;
0;24;2;0,175165826;17,5752;;;;;;;;;;;
0;25;2;0,175165826;18,4887;;;;;;;;;;;
0;26;2;0,175165826;17,4150;;;;;;;;;;;
0;27;2;0,175165826;17,3118;;;;;;;;;;;
0;28;2;0,174991692;17,3986;;;;;;;;;;;
0;29;2;0,174991692;17,4288;;;;;;;;;;;
0;30;2;0,174991692;17,4282;;;;;;;;;;;
0;31;2;0,174991692;17,6965;;;;;;;;;;;
0;32;2;0,174991692;17,3531;;;;;;;;;;;
0;33;2;0,174991692;18,4768;;;;;;;;;;;
0;34;2;0,174991692;17,5310;;;;;;;;;;;
0;35;2;0,174991692;18,1347;;;;;;;;;;;
0;36;2;0,174991692;17,4854;;;;;;;;;;;
0;37;2;0,174991692;17,4175;;;;;;;;;;;
0;38;2;0,174991692;17,5826;;;;;;;;;;;
0;39;2;0,174991692;17,9865;;;;;;;;;;;
0;40;2;0,174991692;17,5636;;;;;;;;;;;
0;41;2;0,174991692;17,3808;;;;;;;;;;;
0;42;2;0,174991692;17,4198;;;;;;;;;;;
0;43;2;0,174991692;18,4486;;;;;;;;;;;
0;44;2;0,174991692;17,5694;;;;;;;;;;;
0;45;2;0,174991692;18,4459;;;;;;;;;;;
0;46;2;0,174991692;17,4319;;;;;;;;;;;
0;47;2;0,174991692;18,3661;;;;;;;;;;;
0;48;2;0,174991692;17,4316;;;;;;;;;;;
0;49;2;0,174991692;18,3479;;;;;;;;;;;
0;50;2;0,174991692;18,4028;;;;;;;;;;;
0;51;2;0,174991692;17,4538;;;;;;;;;;;
0;52;2;0,174991692;18,2286;;;;;;;;;;;
0;53;2;0,174991692;18,6456;;;;;;;;;;;
0;54;2;0,174991692;17,4811;;;;;;;;;;;
0;55;2;0,174991692;17,4025;;;;;;;;;;;
0;56;2;0,174991692;17,1568;;;;;;;;;;;
0;57;2;0,174991692;17,0403;;;;;;;;;;;
0;58;2;0,174991692;17,3324;;;;;;;;;;;
0;59;2;0,174991692;17,1644;;;;;;;;;;;
0;60;2;0,174991692;18,1443;;;;;;;;;;;
0;61;2;0,174991692;17,2104;;;;;;;;;;;
0;62;2;0,174991692;17,2569;;;;;;;;;;;
0;63;2;0,174991692;17,0993;;;;;;;;;;;
0;64;2;0,174991692;18,6402;;;;;;;;;;;
0;65;2;0,174991692;17,7991;;;;;;;;;;;
0;66;2;0,174991692;17,5670;;;;;;;;;;;
0;67;2;0,174991692;17,3122;;;;;;;;;;;
0;68;2;0,174991692;17,4962;;;;;;;;;;;
0;69;2;0,174991692;18,8010;;;;;;;;;;;
0;70;2;0,174991692;17,9904;;;;;;;;;;;
0;71;2;0,174991692;17,3672;;;;;;;;;;;
0;72;2;0,174991692;17,4660;;;;;;;;;;;
0;73;2;0,174991692;18,4186;;;;;;;;;;;
0;74;2;0,174991692;18,3284;;;;;;;;;;;
0;75;2;0,174991692;18,1932;;;;;;;;;;;
0;76;2;0,174991692;18,3525;;;;;;;;;;;
0;77;2;0,174991692;18,1603;;;;;;;;;;;
0;78;2;0,174991692;18,4725;;;;;;;;;;;
0;79;2;0,174991692;18,4562;;;;;;;;;;;
0;80;2;0,174991692;17,2487;;;;;;;;;;;
0;81;2;0,174991692;17,4660;;;;;;;;;;;
0;82;2;0,174991692;18,4413;;;;;;;;;;;
0;83;2;0,174991692;18,4455;;;;;;;;;;;
0;84;2;0,174991692;18,3337;;;;;;;;;;;
0;85;2;0,174991692;18,3822;;;;;;;;;;;
0;86;2;0,174991692;17,4296;;;;;;;;;;;
0;87;2;0,174991692;18,5535;;;;;;;;;;;
0;88;2;0,174991692;18,4107;;;;;;;;;;;
0;89;2;0,174991692;18,2344;;;;;;;;;;;
0;90;2;0,174991692;18,3678;;;;;;;;;;;
0;91;2;0,174991692;18,4947;;;;;;;;;;;
0;92;2;0,174991692;17,7836;;;;;;;;;;;
0;93;2;0,174991692;18,4889;;;;;;;;;;;
0;94;2;0,174991692;18,3689;;;;;;;;;;;
0;95;2;0,174991692;18,7610;;;;;;;;;;;
0;96;2;0,174991692;18,3512;;;;;;;;;;;
0;97;2;0,174991692;18,4783;;;;;;;;;;;
0;98;2;0,174991692;18,4663;;;;;;;;;;;
0;99;2;0,174991692;17,4792;;;;;;;;;;;
0;100;2;0,174991692;17,4182;;;;;;;;;;;
0;1;4;0,419581025;30,8452;;;;;;;;;;;
0;2;4;0,419581025;17,1629;;;;;;;;;;;
0;3;4;0,419581025;17,3883;;;;;;;;;;;
0;4;4;0,419581025;17,1680;;;;;;;;;;;
0;5;4;0,419581025;18,2113;;;;;;;;;;;
0;6;4;0,419581025;17,8196;;;;;;;;;;;
0;7;4;0,419581025;18,5064;;;;;;;;;;;
0;8;4;0,419581025;18,0979;;;;;;;;;;;
0;9;4;0,419581025;19,7723;;;;;;;;;;;
0;10;4;0,419581025;20,5347;;;;;;;;;;;
0;11;4;0,419581025;24,4288;;;;;;;;;;;
0;12;4;0,419581025;20,9190;;;;;;;;;;;
0;13;4;0,419581025;22,2475;;;;;;;;;;;
0;14;4;0,419581025;24,0722;;;;;;;;;;;
0;15;4;0,419581025;23,5913;;;;;;;;;;;
0;16;4;0,419581025;17,2131;;;;;;;;;;;
0;17;4;0,419581025;18,5788;;;;;;;;;;;
0;18;4;0,419581025;17,2053;;;;;;;;;;;
0;19;4;0,419581025;23,9611;;;;;;;;;;;
0;20;4;0,419581025;21,6167;;;;;;;;;;;
0;21;4;0,419581025;22,9241;;;;;;;;;;;
0;22;4;0,419581025;23,3641;;;;;;;;;;;
0;23;4;0,419581025;23,4596;;;;;;;;;;;
0;24;4;0,419581025;22,1441;;;;;;;;;;;
0;25;4;0,419581025;24,9430;;;;;;;;;;;
0;26;4;0,419581025;22,0451;;;;;;;;;;;
0;27;4;0,419581025;22,5776;;;;;;;;;;;
0;28;4;0,419581025;22,9345;;;;;;;;;;;
0;29;4;0,419581025;22,1517;;;;;;;;;;;
0;30;4;0,419581025;20,8645;;;;;;;;;;;
0;31;4;0,419581025;22,3055;;;;;;;;;;;
0;32;4;0,419581025;22,4928;;;;;;;;;;;
0;33;4;0,419581025;21,1354;;;;;;;;;;;
0;34;4;0,419581025;20,7986;;;;;;;;;;;
0;35;4;0,419581025;22,1049;;;;;;;;;;;
0;36;4;0,419581025;21,0280;;;;;;;;;;;
0;37;4;0,419581025;22,0470;;;;;;;;;;;
0;38;4;0,419581025;20,9071;;;;;;;;;;;
0;39;4;0,419581025;21,4459;;;;;;;;;;;
0;40;4;0,419581025;20,8843;;;;;;;;;;;
0;41;4;0,419581025;21,2847;;;;;;;;;;;
0;42;4;0,419581025;20,1818;;;;;;;;;;;
0;43;4;0,419581025;21,4073;;;;;;;;;;;
0;44;4;0,419581025;25,0323;;;;;;;;;;;
0;45;4;0,419581025;22,1574;;;;;;;;;;;
0;46;4;0,419581025;23,1825;;;;;;;;;;;
0;47;4;0,419581025;20,8242;;;;;;;;;;;
0;48;4;0,419581025;23,7141;;;;;;;;;;;
0;49;4;0,419581025;29,6107;;;;;;;;;;;
0;50;4;0,419581025;24,7812;;;;;;;;;;;
0;51;4;0,419581025;24,6944;;;;;;;;;;;
0;52;4;0,419581025;31,2615;;;;;;;;;;;
0;53;4;0,419581025;34,1370;;;;;;;;;;;
0;54;4;0,419581025;37,9490;;;;;;;;;;;
0;55;4;0,419581025;41,9960;;;;;;;;;;;
0;56;4;0,419581025;35,7622;;;;;;;;;;;
0;57;4;0,419581025;33,8884;;;;;;;;;;;
0;58;4;0,419581025;32,5981;;;;;;;;;;;
0;59;4;0,419581025;35,7504;;;;;;;;;;;
0;60;4;0,419581025;27,8438;;;;;;;;;;;
0;61;4;0,419581025;26,5060;;;;;;;;;;;
0;62;4;0,419581025;27,2591;;;;;;;;;;;
0;63;4;0,419581025;25,8381;;;;;;;;;;;
0;64;4;0,419581025;24,5581;;;;;;;;;;;
0;65;4;0,419581025;25,8735;;;;;;;;;;;
0;66;4;0,419581025;31,1029;;;;;;;;;;;
0;67;4;0,419581025;34,2576;;;;;;;;;;;
0;68;4;0,419581025;26,9009;;;;;;;;;;;
0;69;4;0,419581025;27,6355;;;;;;;;;;;
0;70;4;0,419581025;26,1273;;;;;;;;;;;
0;71;4;0,419581025;22,1590;;;;;;;;;;;
0;72;4;0,419581025;25,2974;;;;;;;;;;;
0;73;4;0,419581025;28,0595;;;;;;;;;;;
0;74;4;0,419581025;29,3521;;;;;;;;;;;
0;75;4;0,419581025;25,6372;;;;;;;;;;;
0;76;4;0,419581025;26,2304;;;;;;;;;;;
0;77;4;0,419581025;23,1866;;;;;;;;;;;
0;78;4;0,419581025;23,0729;;;;;;;;;;;
0;79;4;0,419581025;23,6307;;;;;;;;;;;
0;80;4;0,419581025;23,5192;;;;;;;;;;;
0;81;4;0,419581025;23,5158;;;;;;;;;;;
0;82;4;0,419581025;23,5278;;;;;;;;;;;
0;83;4;0,419581025;23,5748;;;;;;;;;;;
0;84;4;0,419581025;22,1744;;;;;;;;;;;
0;85;4;0,419581025;22,5938;;;;;;;;;;;
0;86;4;0,419581025;30,2036;;;;;;;;;;;
0;87;4;0,419581025;23,1707;;;;;;;;;;;
0;88;4;0,419581025;23,3975;;;;;;;;;;;
0;89;4;0,419581025;23,3654;;;;;;;;;;;
0;90;4;0,419581025;23,3606;;;;;;;;;;;
0;91;4;0,419581025;23,2449;;;;;;;;;;;
0;92;4;0,419581025;24,4516;;;;;;;;;;;
0;93;4;0,419581025;21,8093;;;;;;;;;;;
0;94;4;0,419581025;22,3233;;;;;;;;;;;
0;95;4;0,419581025;30,5656;;;;;;;;;;;
0;96;4;0,419581025;25,2491;;;;;;;;;;;
0;97;4;0,419581025;23,9883;;;;;;;;;;;
0;98;4;0,419581025;21,7226;;;;;;;;;;;
0;99;4;0,419581025;28,2824;;;;;;;;;;;
0;100;4;0,419581025;24,2568;;;;;;;;;;;
0;1;8;0,304106328;31,1221;;;;;;;;;;;
0;2;8;0,304106328;20,5362;;;;;;;;;;;
0;3;8;0,304106328;31,5430;;;;;;;;;;;
0;4;8;0,304106328;22,4107;;;;;;;;;;;
0;5;8;0,304106328;23,5457;;;;;;;;;;;
0;6;8;0,304106328;22,8842;;;;;;;;;;;
0;7;8;0,304106328;24,7461;;;;;;;;;;;
0;8;8;0,304106328;24,4364;;;;;;;;;;;
0;9;8;0,304106328;34,8680;;;;;;;;;;;
0;10;8;0,304106328;35,4330;;;;;;;;;;;
0;11;8;0,304106328;27,8785;;;;;;;;;;;
0;12;8;0,304106328;28,3972;;;;;;;;;;;
0;13;8;0,304106328;23,7726;;;;;;;;;;;
0;14;8;0,304106328;25,2758;;;;;;;;;;;
0;15;8;0,304106328;25,2378;;;;;;;;;;;
0;16;8;0,304106328;23,8009;;;;;;;;;;;
0;17;8;0,304106328;25,1580;;;;;;;;;;;
0;18;8;0,304106328;25,2399;;;;;;;;;;;
0;19;8;0,304106328;29,4755;;;;;;;;;;;
0;20;8;0,304106328;28,6480;;;;;;;;;;;
0;21;8;0,304106328;31,2796;;;;;;;;;;;
0;22;8;0,304106328;37,0173;;;;;;;;;;;
0;23;8;0,304106328;22,7036;;;;;;;;;;;
0;24;8;0,304106328;24,6613;;;;;;;;;;;
0;25;8;0,304106328;22,5609;;;;;;;;;;;
0;26;8;0,304106328;25,3217;;;;;;;;;;;
0;27;8;0,304106328;22,3797;;;;;;;;;;;
0;28;8;0,304106328;21,5316;;;;;;;;;;;
0;29;8;0,304106328;20,9732;;;;;;;;;;;
0;30;8;0,304106328;20,7295;;;;;;;;;;;
0;31;8;0,304106328;20,7343;;;;;;;;;;;
0;32;8;0,304106328;20,8000;;;;;;;;;;;
0;33;8;0,304106328;27,4911;;;;;;;;;;;
0;34;8;0,304106328;23,1454;;;;;;;;;;;
0;35;8;0,304106328;17,8309;;;;;;;;;;;
0;36;8;0,304106328;17,7099;;;;;;;;;;;
0;37;8;0,304106328;21,3678;;;;;;;;;;;
0;38;8;0,304106328;17,8071;;;;;;;;;;;
0;39;8;0,304106328;17,5910;;;;;;;;;;;
0;40;8;0,304106328;17,5712;;;;;;;;;;;
0;41;8;0,304106328;18,1405;;;;;;;;;;;
0;42;8;0,304106328;17,5472;;;;;;;;;;;
0;43;8;0,304106328;17,6171;;;;;;;;;;;
0;44;8;0,304106328;17,7226;;;;;;;;;;;
0;45;8;0,304106328;17,5758;;;;;;;;;;;
0;46;8;0,304106328;17,5245;;;;;;;;;;;
0;47;8;0,304106328;17,7258;;;;;;;;;;;
0;48;8;0,304106328;17,5755;;;;;;;;;;;
0;49;8;0,304106328;17,6465;;;;;;;;;;;
0;50;8;0,304106328;17,5681;;;;;;;;;;;
0;51;8;0,304106328;18,0697;;;;;;;;;;;
0;52;8;0,304106328;17,7001;;;;;;;;;;;
0;53;8;0,304106328;17,5117;;;;;;;;;;;
0;54;8;0,304106328;17,6087;;;;;;;;;;;
0;55;8;0,304106328;17,5814;;;;;;;;;;;
0;56;8;0,304106328;17,6173;;;;;;;;;;;
0;57;8;0,304106328;17,7828;;;;;;;;;;;
0;58;8;0,304106328;17,6195;;;;;;;;;;;
0;59;8;0,304106328;17,5711;;;;;;;;;;;
0;60;8;0,304106328;17,5492;;;;;;;;;;;
0;61;8;0,304106328;17,6003;;;;;;;;;;;
0;62;8;0,304106328;18,7225;;;;;;;;;;;
0;63;8;0,304106328;17,6038;;;;;;;;;;;
0;64;8;0,304106328;17,6291;;;;;;;;;;;
0;65;8;0,304106328;17,6694;;;;;;;;;;;
0;66;8;0,304106328;17,7225;;;;;;;;;;;
0;67;8;0,304106328;17,4737;;;;;;;;;;;
0;68;8;0,304106328;17,7432;;;;;;;;;;;
0;69;8;0,304106328;18,1180;;;;;;;;;;;
0;70;8;0,304106328;17,4618;;;;;;;;;;;
0;71;8;0,304106328;17,5523;;;;;;;;;;;
0;72;8;0,304106328;17,4355;;;;;;;;;;;
0;73;8;0,304106328;17,6048;;;;;;;;;;;
0;74;8;0,304106328;17,4748;;;;;;;;;;;
0;75;8;0,304106328;17,7504;;;;;;;;;;;
0;76;8;0,304106328;17,6083;;;;;;;;;;;
0;77;8;0,304106328;17,5852;;;;;;;;;;;
0;78;8;0,304106328;17,5751;;;;;;;;;;;
0;79;8;0,304106328;17,7452;;;;;;;;;;;
0;80;8;0,304106328;17,7570;;;;;;;;;;;
0;81;8;0,304106328;17,5381;;;;;;;;;;;
0;82;8;0,304106328;17,5758;;;;;;;;;;;
0;83;8;0,304106328;17,6289;;;;;;;;;;;
0;84;8;0,304106328;17,6325;;;;;;;;;;;
0;85;8;0,304106328;18,3228;;;;;;;;;;;
0;86;8;0,304106328;19,0883;;;;;;;;;;;
0;87;8;0,304106328;61,8057;;;;;;;;;;;
0;88;8;0,304106328;17,8216;;;;;;;;;;;
0;89;8;0,304106328;17,8233;;;;;;;;;;;
0;90;8;0,304106328;17,6730;;;;;;;;;;;
0;91;8;0,304106328;17,6287;;;;;;;;;;;
0;92;8;0,304106328;17,4390;;;;;;;;;;;
0;93;8;0,304106328;17,5956;;;;;;;;;;;
0;94;8;0,304106328;17,5629;;;;;;;;;;;
0;95;8;0,304106328;17,7033;;;;;;;;;;;
0;96;8;0,304106328;17,4515;;;;;;;;;;;
0;97;8;0,304106328;17,7109;;;;;;;;;;;
0;98;8;0,304106328;17,5142;;;;;;;;;;;
0;99;8;0,304106328;17,7297;;;;;;;;;;;
0;100;8;0,304106328;17,7332;;;;;;;;;;;
0;1;5;0,610639575;26,5510;;;;;;;;;;;
0;2;5;0,610639575;19,0664;;;;;;;;;;;
0;3;5;0,610639575;18,6510;;;;;;;;;;;
0;4;5;0,610639575;18,3550;;;;;;;;;;;
0;5;5;0,610639575;18,7110;;;;;;;;;;;
0;6;5;0,610639575;21,3075;;;;;;;;;;;
0;7;5;0,610639575;26,6466;;;;;;;;;;;
0;8;5;0,610639575;21,6326;;;;;;;;;;;
0;9;5;0,610639575;24,7271;;;;;;;;;;;
0;10;5;0,610639575;21,2746;;;;;;;;;;;
0;11;5;0,610639575;21,2694;;;;;;;;;;;
0;12;5;0,610639575;21,2830;;;;;;;;;;;
0;13;5;0,610639575;20,9604;;;;;;;;;;;
0;14;5;0,610639575;21,2729;;;;;;;;;;;
0;15;5;0,610639575;21,7997;;;;;;;;;;;
0;16;5;0,610639575;19,0306;;;;;;;;;;;
0;17;5;0,610639575;22,3178;;;;;;;;;;;
0;18;5;0,610639575;21,0499;;;;;;;;;;;
0;19;5;0,610639575;20,9000;;;;;;;;;;;
0;20;5;0,610639575;18,9132;;;;;;;;;;;
0;21;5;0,610639575;18,9167;;;;;;;;;;;
0;22;5;0,610639575;20,8113;;;;;;;;;;;
0;23;5;0,610639575;20,8908;;;;;;;;;;;
0;24;5;0,610639575;20,8853;;;;;;;;;;;
0;25;5;0,610639575;18,8439;;;;;;;;;;;
0;26;5;0,610639575;18,8372;;;;;;;;;;;
0;27;5;0,610639575;21,0007;;;;;;;;;;;
0;28;5;0,610639575;19,0788;;;;;;;;;;;
0;29;5;0,610639575;21,3814;;;;;;;;;;;
0;30;5;0,610639575;20,8830;;;;;;;;;;;
0;31;5;0,610639575;18,8202;;;;;;;;;;;
0;32;5;0,610639575;21,0592;;;;;;;;;;;
0;33;5;0,610639575;21,1763;;;;;;;;;;;
0;34;5;0,610639575;21,0227;;;;;;;;;;;
0;35;5;0,610639575;18,8773;;;;;;;;;;;
0;36;5;0,610639575;20,9892;;;;;;;;;;;
0;37;5;0,610639575;20,8447;;;;;;;;;;;
0;38;5;0,610639575;19,7971;;;;;;;;;;;
0;39;5;0,610639575;20,9451;;;;;;;;;;;
0;40;5;0,610639575;20,9029;;;;;;;;;;;
0;41;5;0,610639575;20,8389;;;;;;;;;;;
0;42;5;0,610639575;18,9930;;;;;;;;;;;
0;43;5;0,610639575;20,9568;;;;;;;;;;;
0;44;5;0,610639575;21,2894;;;;;;;;;;;
0;45;5;0,610639575;20,8001;;;;;;;;;;;
0;46;5;0,610639575;20,8192;;;;;;;;;;;
0;47;5;0,610639575;20,8011;;;;;;;;;;;
0;48;5;0,610639575;18,9794;;;;;;;;;;;
0;49;5;0,610639575;20,7816;;;;;;;;;;;
0;50;5;0,610639575;20,8666;;;;;;;;;;;
0;51;5;0,610639575;20,8517;;;;;;;;;;;
0;52;5;0,610639575;21,1886;;;;;;;;;;;
0;53;5;0,610639575;20,8551;;;;;;;;;;;
0;54;5;0,610639575;20,8788;;;;;;;;;;;
0;55;5;0,610639575;21,5561;;;;;;;;;;;
0;56;5;0,610639575;21,2976;;;;;;;;;;;
0;57;5;0,610639575;21,2618;;;;;;;;;;;
0;58;5;0,610639575;20,9730;;;;;;;;;;;
0;59;5;0,610639575;19,6655;;;;;;;;;;;
0;60;5;0,610639575;20,8534;;;;;;;;;;;
0;61;5;0,610639575;20,8302;;;;;;;;;;;
0;62;5;0,610639575;20,9370;;;;;;;;;;;
0;63;5;0,610639575;21,0888;;;;;;;;;;;
0;64;5;0,610639575;28,3382;;;;;;;;;;;
0;65;5;0,610639575;24,9000;;;;;;;;;;;
0;66;5;0,610639575;30,8040;;;;;;;;;;;
0;67;5;0,610639575;31,3951;;;;;;;;;;;
0;68;5;0,610639575;26,9293;;;;;;;;;;;
0;69;5;0,610639575;26,4977;;;;;;;;;;;
0;70;5;0,610639575;28,5832;;;;;;;;;;;
0;71;5;0,610639575;28,7884;;;;;;;;;;;
0;72;5;0,610639575;19,7298;;;;;;;;;;;
0;73;5;0,610639575;19,6785;;;;;;;;;;;
0;74;5;0,610639575;25,4799;;;;;;;;;;;
0;75;5;0,610639575;35,9315;;;;;;;;;;;
0;76;5;0,610639575;27,0134;;;;;;;;;;;
0;77;5;0,610639575;43,7846;;;;;;;;;;;
0;78;5;0,610639575;29,8584;;;;;;;;;;;
0;79;5;0,610639575;29,0972;;;;;;;;;;;
0;80;5;0,610639575;36,1061;;;;;;;;;;;
0;81;5;0,610639575;27,7705;;;;;;;;;;;
0;82;5;0,610639575;29,5408;;;;;;;;;;;
0;83;5;0,610639575;29,8330;;;;;;;;;;;
0;84;5;0,610639575;28,6456;;;;;;;;;;;
0;85;5;0,610639575;28,5195;;;;;;;;;;;
0;86;5;0,610639575;29,7475;;;;;;;;;;;
0;87;5;0,610639575;26,9873;;;;;;;;;;;
0;88;5;0,610639575;28,6059;;;;;;;;;;;
0;89;5;0,610639575;29,5822;;;;;;;;;;;
0;90;5;0,610639575;28,1615;;;;;;;;;;;
0;91;5;0,610639575;31,9472;;;;;;;;;;;
0;92;5;0,610639575;25,3427;;;;;;;;;;;
0;93;5;0,610639575;27,4669;;;;;;;;;;;
0;94;5;0,610639575;42,7106;;;;;;;;;;;
0;95;5;0,610639575;38,2474;;;;;;;;;;;
0;96;5;0,610639575;31,8469;;;;;;;;;;;
0;97;5;0,610639575;27,9975;;;;;;;;;;;
0;98;5;0,610639575;28,1490;;;;;;;;;;;
0;99;5;0,610639575;26,8623;;;;;;;;;;;
0;100;5;0,610639575;24,6344;;;;;;;;;;;
0;1;11;0,649397448;41,9199;;;;;;;;;;;
0;2;11;0,649397448;29,1814;;;;;;;;;;;
0;3;11;0,649397448;36,5519;;;;;;;;;;;
0;4;11;0,649397448;28,1313;;;;;;;;;;;
0;5;11;0,649397448;31,3133;;;;;;;;;;;
0;6;11;0,649397448;29,3147;;;;;;;;;;;
0;7;11;0,649397448;29,5341;;;;;;;;;;;
0;8;11;0,649397448;29,3698;;;;;;;;;;;
0;9;11;0,649397448;27,9048;;;;;;;;;;;
0;10;11;0,649397448;22,8182;;;;;;;;;;;
0;11;11;0,649397448;28,4843;;;;;;;;;;;
0;12;11;0,649397448;24,7639;;;;;;;;;;;
0;13;11;0,649397448;29,2325;;;;;;;;;;;
0;14;11;0,649397448;23,0892;;;;;;;;;;;
0;15;11;0,649397448;22,0348;;;;;;;;;;;
0;16;11;0,649397448;22,2040;;;;;;;;;;;
0;17;11;0,649397448;21,6088;;;;;;;;;;;
0;18;11;0,649397448;22,0627;;;;;;;;;;;
0;19;11;0,649397448;21,6151;;;;;;;;;;;
0;20;11;0,649397448;21,5963;;;;;;;;;;;
0;21;11;0,649397448;23,5173;;;;;;;;;;;
0;22;11;0,649397448;21,0017;;;;;;;;;;;
0;23;11;0,649397448;21,1996;;;;;;;;;;;
0;24;11;0,649397448;21,7663;;;;;;;;;;;
0;25;11;0,649397448;20,5736;;;;;;;;;;;
0;26;11;0,649397448;22,0846;;;;;;;;;;;
0;27;11;0,649397448;20,8167;;;;;;;;;;;
0;28;11;0,649397448;20,1584;;;;;;;;;;;
0;29;11;0,649397448;21,5656;;;;;;;;;;;
0;30;11;0,649397448;21,8857;;;;;;;;;;;
0;31;11;0,649397448;21,7013;;;;;;;;;;;
0;32;11;0,649397448;23,5127;;;;;;;;;;;
0;33;11;0,649397448;23,0422;;;;;;;;;;;
0;34;11;0,649397448;20,1209;;;;;;;;;;;
0;35;11;0,649397448;21,2563;;;;;;;;;;;
0;36;11;0,649397448;20,9170;;;;;;;;;;;
0;37;11;0,649397448;22,1817;;;;;;;;;;;
0;38;11;0,649397448;22,0262;;;;;;;;;;;
0;39;11;0,649397448;20,8004;;;;;;;;;;;
0;40;11;0,649397448;20,1635;;;;;;;;;;;
0;41;11;0,649397448;20,4298;;;;;;;;;;;
0;42;11;0,649397448;21,9712;;;;;;;;;;;
0;43;11;0,649397448;21,5086;;;;;;;;;;;
0;44;11;0,649397448;20,6264;;;;;;;;;;;
0;45;11;0,649397448;21,7136;;;;;;;;;;;
0;46;11;0,649397448;20,2236;;;;;;;;;;;
0;47;11;0,649397448;25,0285;;;;;;;;;;;
0;48;11;0,649397448;22,7396;;;;;;;;;;;
0;49;11;0,649397448;22,8632;;;;;;;;;;;
0;50;11;0,649397448;27,0993;;;;;;;;;;;
0;51;11;0,649397448;21,3081;;;;;;;;;;;
0;52;11;0,649397448;21,1340;;;;;;;;;;;
0;53;11;0,649397448;22,9038;;;;;;;;;;;
0;54;11;0,649397448;20,5057;;;;;;;;;;;
0;55;11;0,649397448;20,6069;;;;;;;;;;;
0;56;11;0,649397448;21,7847;;;;;;;;;;;
0;57;11;0,649397448;22,2947;;;;;;;;;;;
0;58;11;0,649397448;21,9828;;;;;;;;;;;
0;59;11;0,649397448;20,4360;;;;;;;;;;;
0;60;11;0,649397448;22,7539;;;;;;;;;;;
0;61;11;0,649397448;22,3288;;;;;;;;;;;
0;62;11;0,649397448;21,9141;;;;;;;;;;;
0;63;11;0,649397448;22,1316;;;;;;;;;;;
0;64;11;0,649397448;23,2992;;;;;;;;;;;
0;65;11;0,649397448;23,2036;;;;;;;;;;;
0;66;11;0,649397448;21,2387;;;;;;;;;;;
0;67;11;0,649397448;22,1502;;;;;;;;;;;
0;68;11;0,649397448;22,5843;;;;;;;;;;;
0;69;11;0,649397448;20,3831;;;;;;;;;;;
0;70;11;0,649397448;22,0068;;;;;;;;;;;
0;71;11;0,649397448;20,5674;;;;;;;;;;;
0;72;11;0,649397448;20,5835;;;;;;;;;;;
0;73;11;0,649397448;20,3496;;;;;;;;;;;
0;74;11;0,649397448;20,7352;;;;;;;;;;;
0;75;11;0,649397448;24,8581;;;;;;;;;;;
0;76;11;0,649397448;23,7103;;;;;;;;;;;
0;77;11;0,649397448;22,9003;;;;;;;;;;;
0;78;11;0,649397448;21,5301;;;;;;;;;;;
0;79;11;0,649397448;21,1609;;;;;;;;;;;
0;80;11;0,649397448;22,5526;;;;;;;;;;;
0;81;11;0,649397448;20,4321;;;;;;;;;;;
0;82;11;0,649397448;22,7223;;;;;;;;;;;
0;83;11;0,649397448;20,3659;;;;;;;;;;;
0;84;11;0,649397448;20,7381;;;;;;;;;;;
0;85;11;0,649397448;22,2005;;;;;;;;;;;
0;86;11;0,649397448;21,7186;;;;;;;;;;;
0;87;11;0,649397448;23,3721;;;;;;;;;;;
0;88;11;0,649397448;23,3405;;;;;;;;;;;
0;89;11;0,649397448;24,1259;;;;;;;;;;;
0;90;11;0,649397448;22,1258;;;;;;;;;;;
0;91;11;0,649397448;24,2077;;;;;;;;;;;
0;92;11;0,649397448;23,0211;;;;;;;;;;;
0;93;11;0,649397448;22,9405;;;;;;;;;;;
0;94;11;0,649397448;21,1926;;;;;;;;;;;
0;95;11;0,649397448;21,1631;;;;;;;;;;;
0;96;11;0,649397448;21,3492;;;;;;;;;;;
0;97;11;0,649397448;21,5514;;;;;;;;;;;
0;98;11;0,649397448;21,1815;;;;;;;;;;;
0;99;11;0,649397448;24,7223;;;;;;;;;;;
0;100;11;0,649397448;29,9691;;;;;;;;;;;
0;1;4;0,58949471;43,9015;;;;;;;;;;;
0;2;4;0,58949471;24,7489;;;;;;;;;;;
0;3;4;0,58949471;24,0552;;;;;;;;;;;
0;4;4;0,58949471;24,7553;;;;;;;;;;;
0;5;4;0,58949471;25,0290;;;;;;;;;;;
0;6;4;0,58949471;24,3618;;;;;;;;;;;
0;7;4;0,58949471;25,9626;;;;;;;;;;;
0;8;4;0,58949471;28,2286;;;;;;;;;;;
0;9;4;0,58949471;30,9005;;;;;;;;;;;
0;10;4;0,58949471;30,6638;;;;;;;;;;;
0;11;4;0,58949471;26,0127;;;;;;;;;;;
0;12;4;0,58949471;25,9139;;;;;;;;;;;
0;13;4;0,58949471;24,9308;;;;;;;;;;;
0;14;4;0,58949471;25,2866;;;;;;;;;;;
0;15;4;0,58949471;24,2254;;;;;;;;;;;
0;16;4;0,58949471;27,5916;;;;;;;;;;;
0;17;4;0,58949471;25,4540;;;;;;;;;;;
0;18;4;0,58949471;25,3758;;;;;;;;;;;
0;19;4;0,58949471;26,3624;;;;;;;;;;;
0;20;4;0,58949471;25,3168;;;;;;;;;;;
0;21;4;0,58949471;25,4004;;;;;;;;;;;
0;22;4;0,58949471;25,8057;;;;;;;;;;;
0;23;4;0,58949471;26,3703;;;;;;;;;;;
0;24;4;0,58949471;24,1615;;;;;;;;;;;
0;25;4;0,58949471;26,2321;;;;;;;;;;;
0;26;4;0,58949471;26,9555;;;;;;;;;;;
0;27;4;0,58949471;25,5274;;;;;;;;;;;
0;28;4;0,58949471;26,1290;;;;;;;;;;;
0;29;4;0,58949471;25,5622;;;;;;;;;;;
0;30;4;0,58949471;25,3006;;;;;;;;;;;
0;31;4;0,58949471;24,7775;;;;;;;;;;;
0;32;4;0,58949471;26,5238;;;;;;;;;;;
0;33;4;0,58949471;32,7391;;;;;;;;;;;
0;34;4;0,58949471;30,8455;;;;;;;;;;;
0;35;4;0,58949471;25,4186;;;;;;;;;;;
0;36;4;0,58949471;24,8668;;;;;;;;;;;
0;37;4;0,58949471;26,1977;;;;;;;;;;;
0;38;4;0,58949471;28,5739;;;;;;;;;;;
0;39;4;0,58949471;19,9345;;;;;;;;;;;
0;40;4;0,58949471;26,8169;;;;;;;;;;;
0;41;4;0,58949471;21,8805;;;;;;;;;;;
0;42;4;0,58949471;21,0993;;;;;;;;;;;
0;43;4;0,58949471;20,8977;;;;;;;;;;;
0;44;4;0,58949471;21,0876;;;;;;;;;;;
0;45;4;0,58949471;21,2159;;;;;;;;;;;
0;46;4;0,58949471;22,6679;;;;;;;;;;;
0;47;4;0,58949471;24,6830;;;;;;;;;;;
0;48;4;0,58949471;24,0793;;;;;;;;;;;
0;49;4;0,58949471;20,8825;;;;;;;;;;;
0;50;4;0,58949471;20,9290;;;;;;;;;;;
0;51;4;0,58949471;20,7605;;;;;;;;;;;
0;52;4;0,58949471;20,8207;;;;;;;;;;;
0;53;4;0,58949471;21,9367;;;;;;;;;;;
0;54;4;0,58949471;20,8641;;;;;;;;;;;
0;55;4;0,58949471;21,1547;;;;;;;;;;;
0;56;4;0,58949471;20,9216;;;;;;;;;;;
0;57;4;0,58949471;20,9405;;;;;;;;;;;
0;58;4;0,58949471;20,7727;;;;;;;;;;;
0;59;4;0,58949471;21,0330;;;;;;;;;;;
0;60;4;0,58949471;20,8957;;;;;;;;;;;
0;61;4;0,58949471;20,8788;;;;;;;;;;;
0;62;4;0,58949471;21,0221;;;;;;;;;;;
0;63;4;0,58949471;26,6351;;;;;;;;;;;
0;64;4;0,58949471;21,8172;;;;;;;;;;;
0;65;4;0,58949471;21,3245;;;;;;;;;;;
0;66;4;0,58949471;21,1293;;;;;;;;;;;
0;67;4;0,58949471;21,2734;;;;;;;;;;;
0;68;4;0,58949471;27,5973;;;;;;;;;;;
0;69;4;0,58949471;26,9763;;;;;;;;;;;
0;70;4;0,58949471;21,3948;;;;;;;;;;;
0;71;4;0,58949471;22,7096;;;;;;;;;;;
0;72;4;0,58949471;26,3946;;;;;;;;;;;
0;73;4;0,58949471;24,2186;;;;;;;;;;;
0;74;4;0,58949471;27,0688;;;;;;;;;;;
0;75;4;0,58949471;22,5188;;;;;;;;;;;
0;76;4;0,58949471;22,5120;;;;;;;;;;;
0;77;4;0,58949471;21,6201;;;;;;;;;;;
0;78;4;0,58949471;21,7197;;;;;;;;;;;
0;79;4;0,58949471;20,3051;;;;;;;;;;;
0;80;4;0,58949471;20,4754;;;;;;;;;;;
0;81;4;0,58949471;20,3379;;;;;;;;;;;
0;82;4;0,58949471;20,5418;;;;;;;;;;;
0;83;4;0,58949471;20,5739;;;;;;;;;;;
0;84;4;0,58949471;25,5372;;;;;;;;;;;
0;85;4;0,58949471;23,1878;;;;;;;;;;;
0;86;4;0,58949471;23,4006;;;;;;;;;;;
0;87;4;0,58949471;22,7336;;;;;;;;;;;
0;88;4;0,58949471;22,5758;;;;;;;;;;;
0;89;4;0,58949471;21,4123;;;;;;;;;;;
0;90;4;0,58949471;22,7510;;;;;;;;;;;
0;91;4;0,58949471;22,0269;;;;;;;;;;;
0;92;4;0,58949471;21,6356;;;;;;;;;;;
0;93;4;0,58949471;21,8087;;;;;;;;;;;
0;94;4;0,58949471;21,5837;;;;;;;;;;;
0;95;4;0,58949471;22,0025;;;;;;;;;;;
0;96;4;0,58949471;22,6763;;;;;;;;;;;
0;97;4;0,58949471;21,4949;;;;;;;;;;;
0;98;4;0,58949471;21,8869;;;;;;;;;;;
0;99;4;0,58949471;21,7673;;;;;;;;;;;
0;100;4;0,58949471;21,8350;;;;;;;;;;;
0;1;6;0,105048822;27,9191;;;;;;;;;;;
0;2;6;0,105048822;19,8608;;;;;;;;;;;
0;3;6;0,1043645;17,8880;;;;;;;;;;;
0;4;6;0,103022222;18,9927;;;;;;;;;;;
0;5;6;0,103022222;18,0647;;;;;;;;;;;
0;6;6;0,102363931;19,1559;;;;;;;;;;;
0;7;6;0,102363931;17,8727;;;;;;;;;;;
0;8;6;0,101072237;19,3218;;;;;;;;;;;
0;9;6;0,096215424;19,0582;;;;;;;;;;;
0;10;6;0,096215424;19,3474;;;;;;;;;;;
0;11;6;0,096215424;19,5158;;;;;;;;;;;
0;12;6;0,096215424;18,4969;;;;;;;;;;;
0;13;6;0,095640908;19,1359;;;;;;;;;;;
0;14;6;0,016359295;18,3618;;;;;;;;;;;
0;15;5;0,422249438;19,2449;;;;;;;;;;;
0;16;5;0,4209625;18,6210;;;;;;;;;;;
0;17;5;0,419040817;19,2695;;;;;;;;;;;
0;18;5;0,419040817;18,8558;;;;;;;;;;;
0;19;5;0,418402608;19,7703;;;;;;;;;;;
0;20;5;0,418402608;24,2648;;;;;;;;;;;
0;21;5;0,418402608;28,9961;;;;;;;;;;;
0;22;5;0,417765585;26,7258;;;;;;;;;;;
0;23;5;0,417129753;33,2656;;;;;;;;;;;
0;24;5;0,417129753;39,1064;;;;;;;;;;;
0;25;5;0,417129753;51,8002;;;;;;;;;;;
0;26;5;0,417129753;50,1580;;;;;;;;;;;
0;27;5;0,417129753;48,8106;;;;;;;;;;;
0;28;5;0,417129753;49,4739;;;;;;;;;;;
0;29;5;0,417129753;47,2659;;;;;;;;;;;
0;30;5;0,417129753;47,1998;;;;;;;;;;;
0;31;5;0,417129753;46,8377;;;;;;;;;;;
0;32;5;0,417129753;49,7446;;;;;;;;;;;
0;33;5;0,416495119;46,8903;;;;;;;;;;;
0;34;5;0,416495119;48,4112;;;;;;;;;;;
0;35;5;0,416495119;47,1504;;;;;;;;;;;
0;36;5;0,416495119;47,1205;;;;;;;;;;;
0;37;4;0,009966527;50,4523;;;;;;;;;;;
0;38;4;0,003818608;46,7866;;;;;;;;;;;
0;39;5;0,024336894;49,6424;;;;;;;;;;;
0;40;4;0,421390137;113,6045;;;;;;;;;;;
0;41;4;0,421390137;84,1592;;;;;;;;;;;
0;42;4;0,421390137;3283,7818;;;;;;;;;;;
0;43;4;0,421390137;26,0272;;;;;;;;;;;
0;44;4;0,421390137;19,4673;;;;;;;;;;;
0;45;4;0,420902023;25,0724;;;;;;;;;;;
0;46;4;0,420902023;20,9292;;;;;;;;;;;
0;47;4;0,420902023;20,8203;;;;;;;;;;;
0;48;4;0,420902023;19,7675;;;;;;;;;;;
0;49;4;0,420902023;19,9522;;;;;;;;;;;
0;50;4;0,420902023;26,3457;;;;;;;;;;;
0;51;4;0,420902023;21,6491;;;;;;;;;;;
0;52;4;0,420902023;25,2911;;;;;;;;;;;
0;53;4;0,420902023;23,9487;;;;;;;;;;;
0;54;4;0,420902023;22,1726;;;;;;;;;;;
0;55;4;0,420902023;20,9342;;;;;;;;;;;
0;56;4;0,420902023;21,0693;;;;;;;;;;;
0;57;4;0,420902023;20,3397;;;;;;;;;;;
0;58;4;0,420902023;22,9295;;;;;;;;;;;
0;59;4;0,420902023;21,6479;;;;;;;;;;;
0;60;4;0,420902023;21,5697;;;;;;;;;;;
0;61;4;0,420902023;23,9784;;;;;;;;;;;
0;62;4;0,420902023;20,9892;;;;;;;;;;;
0;63;4;0,420902023;22,8962;;;;;;;;;;;
0;64;4;0,420902023;21,2165;;;;;;;;;;;
0;65;4;0,420902023;20,6388;;;;;;;;;;;
0;66;4;0,420902023;21,1235;;;;;;;;;;;
0;67;4;0,420902023;20,6769;;;;;;;;;;;
0;68;4;0,420902023;21,1536;;;;;;;;;;;
0;69;4;0,420902023;23,0941;;;;;;;;;;;
0;70;4;0,420902023;25,3287;;;;;;;;;;;
0;71;4;0,420902023;26,0052;;;;;;;;;;;
0;72;4;0,420902023;21,0588;;;;;;;;;;;
0;73;4;0,420902023;22,4583;;;;;;;;;;;
0;74;4;0,420902023;21,1039;;;;;;;;;;;
0;75;4;0,420902023;20,9467;;;;;;;;;;;
0;76;4;0,420902023;21,1789;;;;;;;;;;;
0;77;4;0,420902023;21,7997;;;;;;;;;;;
0;78;4;0,420902023;21,6647;;;;;;;;;;;
0;79;4;0,420902023;20,1392;;;;;;;;;;;
0;80;4;0,420902023;20,6748;;;;;;;;;;;
0;81;4;0,420902023;22,4341;;;;;;;;;;;
0;82;4;0,420902023;20,1826;;;;;;;;;;;
0;83;4;0,420902023;21,4211;;;;;;;;;;;
0;84;4;0,420902023;21,5820;;;;;;;;;;;
0;85;4;0,420902023;21,0693;;;;;;;;;;;
0;86;4;0,420902023;21,5862;;;;;;;;;;;
0;87;4;0,420902023;28,8627;;;;;;;;;;;
0;88;4;0,420902023;30,2067;;;;;;;;;;;
0;89;4;0,420902023;22,4469;;;;;;;;;;;
0;90;4;0,420902023;24,5313;;;;;;;;;;;
0;91;4;0,420902023;29,0389;;;;;;;;;;;
0;92;4;0,420902023;25,0735;;;;;;;;;;;
0;93;4;0,420902023;25,8649;;;;;;;;;;;
0;94;4;0,420902023;24,2615;;;;;;;;;;;
0;95;4;0,420902023;30,0202;;;;;;;;;;;
0;96;4;0,420902023;24,3509;;;;;;;;;;;
0;97;4;0,420902023;22,8890;;;;;;;;;;;
0;98;4;0,420902023;21,5565;;;;;;;;;;;
0;99;4;0,420902023;25,1217;;;;;;;;;;;
0;100;4;0,420902023;21,9568;;;;;;;;;;;
0;1;4;0,232269293;38,6932;;;;;;;;;;;
0;2;4;0,232269293;23,8190;;;;;;;;;;;
0;3;4;0,232269293;25,3949;;;;;;;;;;;
0;4;4;0,232269293;28,7933;;;;;;;;;;;
0;5;4;0,232269293;39,8623;;;;;;;;;;;
0;6;4;0,232269293;44,9588;;;;;;;;;;;
0;7;4;0,231015625;32,5882;;;;;;;;;;;
0;8;4;0,229775086;28,6321;;;;;;;;;;;
0;9;4;0,229775086;28,5190;;;;;;;;;;;
0;10;4;0,228547478;28,3595;;;;;;;;;;;
0;11;4;0,228547478;27,6587;;;;;;;;;;;
0;12;4;0,228547478;27,3657;;;;;;;;;;;
0;13;4;0,228547478;35,2492;;;;;;;;;;;
0;14;4;0,227332606;43,6167;;;;;;;;;;;
0;15;4;0,227332606;53,0046;;;;;;;;;;;
0;16;4;0,22613028;32,6322;;;;;;;;;;;
0;17;4;0,22613028;37,6622;;;;;;;;;;;
0;18;4;0,224940312;38,5425;;;;;;;;;;;
0;19;4;0,224940312;36,5083;;;;;;;;;;;
0;20;4;0,224940312;44,1782;;;;;;;;;;;
0;21;4;0,224940312;40,7944;;;;;;;;;;;
0;22;4;0,224940312;39,5428;;;;;;;;;;;
0;23;4;0,224940312;38,8570;;;;;;;;;;;
0;24;4;0,22376252;46,1604;;;;;;;;;;;
0;25;4;0,22376252;27,7806;;;;;;;;;;;
0;26;4;0,22376252;28,0835;;;;;;;;;;;
0;27;4;0,222596723;25,3811;;;;;;;;;;;
0;28;4;0,221442744;24,1621;;;;;;;;;;;
0;29;4;0,221442744;25,0141;;;;;;;;;;;
0;30;4;0,221442744;26,9657;;;;;;;;;;;
0;31;4;0,21916955;46,8721;;;;;;;;;;;
0;32;4;0,21916955;29,9979;;;;;;;;;;;
0;33;4;0,21916955;23,4592;;;;;;;;;;;
0;34;4;0,21916955;24,8654;;;;;;;;;;;
0;35;4;0,21916955;30,0395;;;;;;;;;;;
0;36;4;0,21916955;27,8672;;;;;;;;;;;
0;37;4;0,21694159;20,7434;;;;;;;;;;;
0;38;4;0,214757564;22,9419;;;;;;;;;;;
0;39;4;0,214757564;25,5641;;;;;;;;;;;
0;40;4;0,214757564;23,9530;;;;;;;;;;;
0;41;4;0,211561173;25,1207;;;;;;;;;;;
0;42;4;0,211561173;21,0273;;;;;;;;;;;
0;43;4;0,210516349;25,4618;;;;;;;;;;;
0;44;4;0,209481602;23,8507;;;;;;;;;;;
0;45;4;0,20845679;23,2010;;;;;;;;;;;
0;46;4;0,20845679;22,6647;;;;;;;;;;;
0;47;4;0,20845679;22,9256;;;;;;;;;;;
0;48;4;0,20845679;26,0746;;;;;;;;;;;
0;49;4;0,20845679;34,3190;;;;;;;;;;;
0;50;4;0,20845679;26,0779;;;;;;;;;;;
0;51;4;0,20845679;29,8590;;;;;;;;;;;
0;52;4;0,207441775;29,2200;;;;;;;;;;;
0;53;4;0,205440592;52,4445;;;;;;;;;;;
0;54;4;0,205440592;60,8993;;;;;;;;;;;
0;55;4;0,205440592;51,4993;;;;;;;;;;;
0;56;4;0,204454159;46,6308;;;;;;;;;;;
0;57;4;0,201549944;49,1054;;;;;;;;;;;
0;58;4;0,200599819;42,2911;;;;;;;;;;;
0;59;4;0,200599819;21,7320;;;;;;;;;;;
0;60;4;0,199658464;22,3250;;;;;;;;;;;
0;61;4;0,198725762;24,5012;;;;;;;;;;;
0;62;4;0,198725762;24,0635;;;;;;;;;;;
0;63;4;0,198725762;23,1004;;;;;;;;;;;
0;64;4;0,198725762;22,1235;;;;;;;;;;;
0;65;4;0,198725762;22,1948;;;;;;;;;;;
0;66;4;0,198725762;27,0210;;;;;;;;;;;
0;67;4;0,195978416;21,4940;;;;;;;;;;;
0;68;4;0,195978416;20,7748;;;;;;;;;;;
0;69;3;0,024092802;21,0674;;;;;;;;;;;
0;70;5;0,443744358;20,0750;;;;;;;;;;;
0;71;5;0,43977672;20,1578;;;;;;;;;;;
0;72;5;0,438646093;28,7316;;;;;;;;;;;
0;73;5;0,437517007;25,8985;;;;;;;;;;;
0;74;5;0,437517007;24,1592;;;;;;;;;;;
0;75;5;0,436953075;24,9314;;;;;;;;;;;
0;76;4;0,008585846;27,7814;;;;;;;;;;;
0;77;4;0,017559617;23,6454;;;;;;;;;;;
0;78;4;0,038226223;23,7933;;;;;;;;;;;
0;79;5;0,504756352;23,5863;;;;;;;;;;;
0;80;5;0,504756352;25,1829;;;;;;;;;;;
0;81;5;0,504756352;23,6946;;;;;;;;;;;
0;82;5;0,504756352;23,7587;;;;;;;;;;;
0;83;5;0,504756352;23,3040;;;;;;;;;;;
0;84;5;0,504756352;24,0139;;;;;;;;;;;
0;85;5;0,504756352;23,3617;;;;;;;;;;;
0;86;5;0,504756352;23,8360;;;;;;;;;;;
0;87;5;0,504756352;23,6293;;;;;;;;;;;
0;88;5;0,504756352;24,3191;;;;;;;;;;;
0;89;5;0,504756352;23,1378;;;;;;;;;;;
0;90;5;0,504756352;23,6360;;;;;;;;;;;
0;91;5;0,504756352;24,1155;;;;;;;;;;;
0;92;5;0,504756352;23,2566;;;;;;;;;;;
0;93;5;0,504756352;24,3686;;;;;;;;;;;
0;94;5;0,504756352;23,9468;;;;;;;;;;;
0;95;5;0,504756352;23,4977;;;;;;;;;;;
0;96;5;0,504756352;24,3650;;;;;;;;;;;
0;97;5;0,504756352;23,7983;;;;;;;;;;;
0;98;5;0,504756352;24,2659;;;;;;;;;;;
0;99;5;0,504756352;23,4976;;;;;;;;;;;
0;100;5;0,504756352;23,9468;;;;;;;;;;;
0;1;4;0,13270029;27,1404;;;;;;;;;;;
0;2;4;0,132029773;18,5816;;;;;;;;;;;
0;3;4;0,127518434;18,6304;;;;;;;;;;;
0;4;4;0,126898872;17,4653;;;;;;;;;;;
0;5;4;0,125075608;18,3846;;;;;;;;;;;
0;6;4;0,124479384;18,3699;;;;;;;;;;;
0;7;4;0,122724174;17,2627;;;;;;;;;;;
0;8;4;0,121017547;17,3343;;;;;;;;;;;
0;9;4;0,118275806;18,3068;;;;;;;;;;;
0;10;7;0,044793388;18,1446;;;;;;;;;;;
0;11;4;0,182022112;17,9233;;;;;;;;;;;
0;12;3;0,070232494;18,6445;;;;;;;;;;;
0;13;4;0,231024274;18,4659;;;;;;;;;;;
0;14;4;0,23023043;17,5386;;;;;;;;;;;
0;15;4;0,229441918;17,4700;;;;;;;;;;;
0;16;4;0,228269034;17,6037;;;;;;;;;;;
0;17;4;0,227880683;17,2735;;;;;;;;;;;
0;18;4;0,227880683;17,4772;;;;;;;;;;;
0;19;4;0,227880683;18,9297;;;;;;;;;;;
0;20;4;0,227493627;18,2787;;;;;;;;;;;
0;21;4;0,227493627;20,6351;;;;;;;;;;;
0;22;4;0,226340162;26,6502;;;;;;;;;;;
0;23;4;0,224819955;21,1551;;;;;;;;;;;
0;24;4;0,224819955;19,6693;;;;;;;;;;;
0;25;4;0,224067346;24,5625;;;;;;;;;;;
0;26;4;0,223319671;26,0863;;;;;;;;;;;
0;27;4;0,222947668;21,6137;;;;;;;;;;;
0;28;4;0,222576881;21,1530;;;;;;;;;;;
0;29;4;0,222207304;21,3897;;;;;;;;;;;
0;30;4;0,221838931;20,8724;;;;;;;;;;;
0;31;4;0,221471756;24,7643;;;;;;;;;;;
0;32;4;0,221471756;24,9062;;;;;;;;;;;
0;33;4;0,221471756;20,2756;;;;;;;;;;;
0;34;4;0,220740978;25,2293;;;;;;;;;;;
0;35;4;0,220740978;26,5558;;;;;;;;;;;
0;36;3;0,058426477;23,6461;;;;;;;;;;;
0;37;3;0,062525648;21,4385;;;;;;;;;;;
0;38;4;0,083715264;18,8733;;;;;;;;;;;
0;39;4;0,329526389;24,9143;;;;;;;;;;;
0;40;3;0,019045858;27,0152;;;;;;;;;;;
0;41;3;0,019045858;19,7833;;;;;;;;;;;
0;42;3;0,019045858;20,1581;;;;;;;;;;;
0;43;3;0,019045858;19,9721;;;;;;;;;;;
0;44;3;0,0200825;19,9458;;;;;;;;;;;
0;45;3;0,0200825;19,8866;;;;;;;;;;;
0;46;3;0,02214912;20,1289;;;;;;;;;;;
0;47;3;0,02214912;19,9251;;;;;;;;;;;
0;48;3;0,024206891;20,0078;;;;;;;;;;;
0;49;3;0,024206891;20,2382;;;;;;;;;;;
0;50;3;0,024206891;20,1223;;;;;;;;;;;
0;51;3;0,026255856;19,8746;;;;;;;;;;;
0;52;3;0,026255856;19,9718;;;;;;;;;;;
0;53;3;0,026255856;20,2616;;;;;;;;;;;
0;54;3;0,027277048;20,0446;;;;;;;;;;;
0;55;3;0,027277048;20,4906;;;;;;;;;;;
0;56;3;0,027277048;19,9937;;;;;;;;;;;
0;57;3;0,028296055;20,2100;;;;;;;;;;;
0;58;3;0,034364487;20,1999;;;;;;;;;;;
0;59;3;0,034364487;19,8012;;;;;;;;;;;
0;60;3;0,036370046;20,0522;;;;;;;;;;;
0;61;3;0,036370046;20,7089;;;;;;;;;;;
0;62;3;0,036370046;20,1972;;;;;;;;;;;
0;63;3;0,036370046;20,2469;;;;;;;;;;;
0;64;3;0,036370046;20,3019;;;;;;;;;;;
0;65;3;0,036370046;20,0920;;;;;;;;;;;
0;66;3;0,037369615;20,0377;;;;;;;;;;;
0;67;3;0,038367049;19,8771;;;;;;;;;;;
0;68;3;0,038367049;19,8591;;;;;;;;;;;
0;69;3;0,038367049;20,0848;;;;;;;;;;;
0;70;3;0,038367049;20,1750;;;;;;;;;;;
0;71;3;0,038367049;20,0516;;;;;;;;;;;
0;72;3;0,038367049;20,1386;;;;;;;;;;;
0;73;3;0,038367049;20,0861;;;;;;;;;;;
0;74;3;0,038367049;23,4940;;;;;;;;;;;
0;75;3;0,038367049;20,1072;;;;;;;;;;;
0;76;3;0,038367049;20,1693;;;;;;;;;;;
0;77;3;0,038367049;20,0192;;;;;;;;;;;
0;78;3;0,038367049;19,9495;;;;;;;;;;;
0;79;3;0,039362354;19,9633;;;;;;;;;;;
0;80;3;0,039362354;19,8140;;;;;;;;;;;
0;81;3;0,040355535;20,0501;;;;;;;;;;;
0;82;3;0,040355535;19,9874;;;;;;;;;;;
0;83;3;0,040355535;19,8245;;;;;;;;;;;
0;84;3;0,040355535;19,9966;;;;;;;;;;;
0;85;3;0,040355535;20,3649;;;;;;;;;;;
0;86;3;0,040355535;20,2566;;;;;;;;;;;
0;87;3;0,040355535;19,9961;;;;;;;;;;;
0;88;3;0,040355535;19,8725;;;;;;;;;;;
0;89;3;0,041346597;19,9926;;;;;;;;;;;
0;90;3;0,041346597;19,8964;;;;;;;;;;;
0;91;3;0,042335545;20,0879;;;;;;;;;;;
0;92;3;0,042335545;20,3406;;;;;;;;;;;
0;93;3;0,042335545;19,9531;;;;;;;;;;;
0;94;3;0,042335545;20,0026;;;;;;;;;;;
0;95;3;0,042335545;19,9305;;;;;;;;;;;
0;96;3;0,042335545;19,8062;;;;;;;;;;;
0;97;3;0,042335545;19,9227;;;;;;;;;;;
0;98;3;0,042335545;19,9592;;;;;;;;;;;
0;99;3;0,042335545;19,9386;;;;;;;;;;;
0;100;3;0,043322384;19,8843;;;;;;;;;;;
;;;;;;;;;;;;;;;
;;2;5,64;26,4314;;;;;;;;;;;
;;11;11;17,0403;;;;;;;;;;;